doi,author,editor,isbn,issn,journal,note,number,pages,publisher,title,url,volume,year
10.1111/j.1600-0587.2010.06237.x,"Laffan, Shawn W. and Lubarsky, Eugene and Rosauer, Dan F.",,,1600-0587,Ecography,,4,643–647,Wiley,"Biodiverse, a tool for the spatial analysis of biological and related diversity",http://dx.doi.org/10.1111/j.1600-0587.2010.06237.x,33,2010
10.21829/abm131.2024.2367,"Ruiz-Flores, Sara Isabel and Castro-Castro, Arturo",,,0187-7151,Acta Botanica Mexicana,in press,131,,"Instituto de Ecologia, A.C.","Distribución, riqueza, endemismo y conservación del género Dasylirion (Asparagaceae, Convallarioideae)",http://dx.doi.org/10.21829/abm131.2024.2367,,2024
10.1016/j.jclepro.2024.143783,"Ali, Maroof and Huang, Zhongde and Bai, Yang and Tng, David Y.P. and Qin, Fei and Fang, Zhou",,,0959-6526,Journal of Cleaner Production,in press,,143783,Elsevier BV,A multifaceted approach to expanding conservation efforts in the Pan-Himalayan landscape,http://dx.doi.org/10.1016/j.jclepro.2024.143783,476,2024
10.1111/jse.13077,"Folk, Ryan A. and Maassoumi, Aliasghar A. and Siniscalchi, Carolina M. and Kates, Heather R. and Soltis, Douglas E. and Soltis, Pamela S. and Belitz, Michael B. and Guralnick, Robert P.",,,1759-6831,Journal of Systematics and Evolution,in press,,,Wiley,Phylogenetic diversity and regionalization in the temperate arid zone,http://dx.doi.org/10.1111/jse.13077,,2024
10.1111/jse.13067,"Aagesen, Lone and Salariato, Diego L. and Scataglini, María A. and Acosta, Juan M. and Denham, Silvia S. and Delfini, Carolina",,,1759-6831,Journal of Systematics and Evolution,in press,,,Wiley,Spatial phylogenetics of grasses in the Southern Cone provides insights into ecology and evolution of the family in South America,http://dx.doi.org/10.1111/jse.13067,,2024
10.21203/rs.3.rs-4249551/v1,"Torkkola, Janne and Hines, Harry and Chauvenet, Alienor and Oliver, Paul",,,,,preprint,,,Springer Science and Business Media LLC,Are species richness and endemism hotspots correlated within a biome? A test case in the fire-impacted subtropical rainforests of Australia,http://dx.doi.org/10.21203/rs.3.rs-4249551/v1,,2024
10.1101/2023.09.08.556918,"Folk, R.A and Belitz, M.W. and Siniscalchi, C.M. and Kates, H.R. and Soltis, D.E. and Soltis, P.S. and Guralnick, R.P. and Borges, L.M.",,,,,preprint,,,Cold Spring Harbor Laboratory,Phylogenetic diversity and regionalization of root nodule symbiosis,http://dx.doi.org/10.1101/2023.09.08.556918,,2023
10.1590/1676-0611-bn-2024-1648,"Aragón-Parada, Juvenal and Munguía-Lino, Guadalupe and De-Nova, José Arturo and Carrillo-Reyes, Pablo and Rodríguez, Aarón and Salinas-Rodríguez, María Magdalena",,,1676-0611,Biota Neotropica,,3,,FapUNIFESP (SciELO),"Priority areas for conservation of the vascular flora in the Sierra Madre del Sur, Mexico",http://dx.doi.org/10.1590/1676-0611-BN-2024-1648,24,2024
10.1007/s40415-024-01005-y,"Estrada-Sánchez, Iveth and Espejo-Serna, Adolfo and García-Cruz, Javier and López-Ferrari, Ana Rosa",,,1806-9959,Brazilian Journal of Botany,,2,501–517,Springer Science and Business Media LLC,"Richness, distribution, and endemism of neotropical subtribe Ponerinae (Orchidaceae, Epidendreae)",http://dx.doi.org/10.1007/s40415-024-01005-y,47,2024
10.1111/jzo.13173,"Flanagan, T. and Shea, G. M. and Roll, U. and Tingley, R. and Meiri, S. and Chapple, D. G.",,,1469-7998,Journal of Zoology,,4,317–330,Wiley,New data and taxonomic changes influence our understanding of biogeographic patterns: A case study in Australian skinks,http://dx.doi.org/10.1111/jzo.13173,323,2024
10.1111/jvs.13261,"Flores‐Tolentino, Mayra and Villaseñor, José Luis and Ibarra‐Manríquez, Guillermo and Rodríguez, Rolando Ramírez and Morales‐Linares, Jonas and Dorado, Óscar",,,1654-1103,Journal of Vegetation Science,,3,,Wiley,"The use of ecological niche models improves biogeographic regionalization of the Balsas Depression, Mexico",http://dx.doi.org/10.1111/jvs.13261,35,2024
10.1111/jbi.14840,"Folk, R. A. and Siniscalchi, C. M. and Doby, J. and Kates, H. R. and Manchester, S. R. and Soltis, P. S. and Soltis, D. E. and Guralnick, R. P. and Belitz, M.",,,1365-2699,Journal of Biogeography,,8,1518–1532,Wiley,Spatial phylogenetics of Fagales: Investigating drivers of temperate forest distributions,http://dx.doi.org/10.1111/jbi.14840,51,2024
10.1002/csc2.21143,"González‐Orozco, Carlos E. and Reyes‐Herrera, Paula H. and Sosa, Chrystian C. and Torres, Rosa T. and Manrique‐Carpintero, Norma C. and Lasso‐Paredes, Zahara and Cerón‐Souza, Ivania and Yockteng, Roxana",,,1435-0653,Crop Science,,1,225–243,Wiley,Wild relatives of potato (Solanum L. sec. Petota) poorly sampled and unprotected in Colombia,http://dx.doi.org/10.1002/csc2.21143,64,2023
10.7717/peerj.17242,"Hazzi, Nicolas and Hormiga, Gustavo",,,2167-8359,PeerJ,,,e17242,PeerJ,"Systematics, distribution patterns and historical biogeography of the Central America wandering spider genus Kiekie Polotow &amp; Brescovit, 2018 (Araneae: Ctenidae)",http://dx.doi.org/10.7717/peerj.17242,12,2024
10.1080/12298093.2023.2297485,"Kherlenchimeg, Nyamsuren and Burenbaatar, Ganbaatar and Baasanmunkh, Shukherdorj and Tsegmed, Zagarjav and Urgamal, Magsar and Bau, Tolgor and Han, Sang-Kuk and Oh, Seung-Yoon and Choi, Hyeok Jae",,,2092-9323,Mycobiology,,1,13–29,Informa UK Limited,"Improved Understanding of the Macrofungal Diversity of Mongolia: Species Richness, Conservation Status, and An Annotated Checklist",http://dx.doi.org/10.1080/12298093.2023.2297485,52,2024
10.1186/s12862-024-02263-w,"Li, Yigang and Liu, Fan and Zhou, Yadong and Liu, Xing and Wang, Qingfeng",,,2730-7182,BMC Ecology and Evolution,,1,,Springer Science and Business Media LLC,Large-scale geographic patterns and environmental and anthropogenic drivers of wetland plant diversity in the Qinghai-Tibet Plateau,http://dx.doi.org/10.1186/s12862-024-02263-w,24,2024
10.11646/phytotaxa.641.1.3,"LÓPEZ-PÉREZ, JORGE DAVID and ZAMUDIO, SERGIO and MUNGUÍA-LINO, GUADALUPE and RODRÍGUEZ, AARÓN",,,1179-3155,Phytotaxa,,1,31–46,Magnolia Press,"Species richness, geographic distribution and endemism of Pinguicula (Lentibulariaceae) in the Mexican Transition Zone",http://dx.doi.org/10.11646/phytotaxa.641.1.3,641,2024
10.1093/jmammal/gyae055,"Machado, Valéria Ribeiro and Pereira, Maria João Ramos and Tirelli, Flávia Pereira and Bennet, David and Ferrari, Augusto","Percequillo, Alexandre",,1545-1542,Journal of Mammalogy,,4,792–808,Oxford University Press (OUP),Endemism and regionalization of Neotropical mammals: a multi-taxon analysis,http://dx.doi.org/10.1093/jmammal/gyae055,105,2024
10.1186/s12862-024-02256-9,"Mikryukov, Vladimir and Abarenkov, Kessy and Laffan, Shawn and Robertson, Tim and McTavish, Emily Jane and Jeppesen, Thomas Stjernegaard and Waller, John and Blissett, Matthew and Kõljalg, Urmas and Miller, Joseph T.",,,2730-7182,BMC Ecology and Evolution,,1,,Springer Science and Business Media LLC,PhyloNext: a pipeline for phylogenetic diversity analysis of GBIF-mediated data,http://dx.doi.org/10.1186/s12862-024-02256-9,24,2024
10.1016/j.cub.2024.02.023,"Omollo, Wyckliffe Omondi and Rabarijaona, Romer Narindra and Ranaivoson, Rindra Manasoa and Rakotoarinivo, Mijoro and Barrett, Russell L. and Zhang, Qiang and Lai, Yang-Jun and Ye, Jian-Fei and Le, Chi Toan and Antonelli, Alexandre and Chen, Zhi-Duan and Liu, Bing and Lu, Li-Min",,,0960-9822,Current Biology,,6,1271-1283.e4,Elsevier BV,Spatial heterogeneity of neo- and paleo-endemism for plants in Madagascar,http://dx.doi.org/10.1016/j.cub.2024.02.023,34,2024
10.1371/journal.pone.0306440,"Pérez-Aragón, Manuela and Escribano, Ruben and Rivera, Reinaldo and Hidalgo, Pamela","Dam, Hans G.",,1932-6203,PLOS ONE,,7,e0306440,Public Library of Science (PLoS),Biodiversity patterns of epipelagic copepods in the South Pacific Ocean: Strengths and limitations of current data bases,http://dx.doi.org/10.1371/journal.pone.0306440,19,2024
10.1007/978-3-031-49255-6,,,9783031492556,,,,,,Springer International Publishing,Insect Decline and Conservation in the Neotropics,http://dx.doi.org/10.1007/978-3-031-49255-6,,2024
10.1002/inc3.67,"Radbouchoom, Sirilak and delos Angeles, Marjorie D. and Phutthai, Thamarat and Schneider, Harald",,,2770-9329,Integrative Conservation,,,,Wiley,Towards zero extinction—A case study focusing on the plant genus Begonia in Thailand,http://dx.doi.org/10.1002/inc3.67,,2024
10.1016/j.pld.2023.11.004,"Qian, Hong and Mishler, Brent D. and Zhang, Jian and Qian, Shenhua",,,2468-2659,Plant Diversity,,2,149–157,Elsevier BV,Global patterns and ecological drivers of taxonomic and phylogenetic endemism in angiosperm genera,http://dx.doi.org/10.1016/j.pld.2023.11.004,46,2024
10.1016/j.jaridenv.2024.105230,"Revollo-Cadima, Susana G. and Salazar-Bravo, Jorge",,,0140-1963,Journal of Arid Environments,,,105230,Elsevier BV,Identifying areas of conservation importance based on spatial patterns of evolutionary diversity for non-volant small mammals in the Andean Puna,http://dx.doi.org/10.1016/j.jaridenv.2024.105230,224,2024
10.1600/036364424x17151801116394,"Rodríguez, Aarón and López-Pérez, Jorge David and Munguía-Lino, Guadalupe",,,0363-6445,Systematic Botany,,2,295–317,American Society of Plant Taxonomists,"A New Species of Tigridia and Species Richness and Endemism Distribution of the Tribe Tigridieae (Iridaceae) in the Sierra Madre Del Sur, Mexico",http://dx.doi.org/10.1600/036364424X17151801116394,49,2024
10.17129/botsci.3467,"Sánchez-Romero, Abraham and Aragón-Parada, Juvenal",,,2007-4298,Botanical Sciences,,3,796–811,"Botanical Sciences, Sociedad Botanica de Mexico, AC","Riqueza de especies, endemismo y evaluación del riesgo de extinción del género &lt;em&gt;Bursera&lt;/em&gt; (Burseraceae) en la Península de Baja California",http://dx.doi.org/10.17129/botsci.3467,102,2024
10.17129/botsci.3462,"Sandoval-Mata, Tecoatlayopeuh Nelly and Hernández-Sandoval, Luis and Munguía-Lino, Guadalupe and Steinmann, Víctor W. and Delgado-Salinas, Alfonso",,,2007-4298,Botanical Sciences,,3,975–994,"Botanical Sciences, Sociedad Botanica de Mexico, AC",Regionalización de la provincia del Desierto Chihuahuense con base en la distribución de especies de &lt;em&gt;Dalea&lt;/em&gt; (Fabaceae),http://dx.doi.org/10.17129/botsci.3462,102,2024
10.3390/plants13182635,"Urgamal, Magsar and Baasanmunkh, Shukherdorj and Tsegmed, Zagarjav and Oyuntsetseg, Batlai and Javzandolgor, Chuluunbat and Yu, Sheng-Xiang and Yoon, Jung-Won and Cygan, Magdalena G. W. and Choi, Hyeok Jae",,,2223-7747,Plants,,18,2635,MDPI AG,Spatial Pattern Analysis and Conservation Assessment of Apiaceae in Mongolia,http://dx.doi.org/10.3390/plants13182635,13,2024
10.1163/22244662-bja10072,"Volis, Sergei and Tojibaev, Komiljon",,,2224-4662,Israel Journal of Ecology and Evolution,,,1–10,Brill,Comparison of maps of species richness and endemism produced directly from species occurrences with those produced by stacked species distribution modelling,http://dx.doi.org/10.1163/22244662-bja10072,,2023
10.1111/jse.13017,"Wang, Guo‐Qing and Scherson, Rosa A. and Vera, Diego and Bai, Yun‐Hao and Wen, Jun and Guo, Lin‐Yuan and Hughes, Alice C. and Wang, Hua‐Feng",,,1759-6831,Journal of Systematics and Evolution,,4,603–620,Wiley,"Spatial patterns and drivers of native plant diversity in Hainan, China",http://dx.doi.org/10.1111/jse.13017,62,2023
10.1016/j.jep.2024.118573,"Yao, Ruyu and Gao, Jiejing and Heinrich, Michael and Yu, Shengxiang and Xue, Tiantian and Zhang, Bengang and Wei, Xueping and Qi, Yaodong and Gao, Weiwei",,,0378-8741,Journal of Ethnopharmacology,,,118573,Elsevier BV,Medicinal plants used by minority ethnic groups in China: Taxonomic diversity and conservation needs,http://dx.doi.org/10.1016/j.jep.2024.118573,334,2024
10.1111/jbi.14679,"Aragón‐Parada, Juvenal and Carrillo‐Reyes, Pablo and Rodríguez, Aarón and Munguía‐Lino, Guadalupe and Salinas‐Rodríguez, María Magdalena and De‐Nova, José Arturo",,,1365-2699,Journal of Biogeography,,10,1679–1691,Wiley,"Spatial phylogenetics of the flora in the Sierra Madre del Sur, Mexico: Evolutionary puzzles in tropical mountains",http://dx.doi.org/10.1111/jbi.14679,50,2023
10.1007/s10530-022-02908-1,"Copilaș-Ciocianu, Denis and Sidorov, Dmitry and Šidagytė-Copilas, Eglė",,,1573-1464,Biological Invasions,,1,179–195,Springer Science and Business Media LLC,Global distribution and diversity of alien Ponto-Caspian amphipods,http://dx.doi.org/10.1007/s10530-022-02908-1,25,2022
10.1007/s10531-023-02706-8,"de Pedro, Diego and Ceccarelli, Fadia Sara and Vandame, Rémy and Mérida, Jorge and Sagot, Philippe",,,1572-9710,Biodiversity and Conservation,,13,4445–4459,Springer Science and Business Media LLC,Congruence between species richness and phylogenetic diversity in North America for the bee genus Diadasia (Hymenoptera: Apidae),http://dx.doi.org/10.1007/s10531-023-02706-8,32,2023
10.1007/978-981-99-0131-9,,,9789819901319,,,,,,Springer Nature Singapore,Ecosystem and Species Habitat Modeling for Conservation and Restoration,http://dx.doi.org/10.1007/978-981-99-0131-9,,2023
10.1016/j.gecco.2023.e02647,"Erst, Andrey S. and Baasanmunkh, Shukherdorj and Tsegmed, Zagarjav and Oyundelger, Khurelpurev and Sharples, Mathew T. and Oyuntsetseg, Batlai and Krivenko, Denis A. and Gureyeva, Irina I. and Romanets, Roman R. and Kuznetsov, Alexander A. and Kechaykin, Alexey A. and Shmakov, Alexander I. and Maltseva, Svetlana Yu. and Erst, Tatiana V. and Wang, Wei and Gil, Hee-Young and Choi, Hyeok Jae",,,2351-9894,Global Ecology and Conservation,,,e02647,Elsevier BV,Hotspot and conservation gap analysis of endemic vascular plants in the Altai Mountain Country based on a new global conservation assessment,http://dx.doi.org/10.1016/j.gecco.2023.e02647,47,2023
10.1590/1677-941x-abb-2022-0314,"Fernandes, Natália Brandão Gonçalves and Moraes, Andreza Magro and Milward-de-Azevedo, Michaele Alvim",,,0102-3306,Acta Botanica Brasilica,,,,FapUNIFESP (SciELO),"Diversity of the Passiflora L. in the Serra do Mar ecoregion and the relationships with environmental gradients, South and Southeast, Brazil",http://dx.doi.org/10.1590/1677-941X-ABB-2022-0314,37,2023
10.17129/botsci.3169,"Flores-Argüelles, Alejandra and López-Ferrari, Ana Rosa and Espejo-Serna, Adolfo",,,2007-4298,Botanical Sciences,,2,527–543,"Botanical Sciences, Sociedad Botanica de Mexico, AC","Geographic distribution and endemism of Bromeliaceae from the Western Sierra-Coast region of Jalisco, Mexico",http://dx.doi.org/10.17129/botsci.3169,101,2023
10.22201/ib.20078706e.2023.94.4985,"Flores-Tolentino, Mayra and Ramírez-Rodríguez, J. Rolando and Morales-Linares, Jonas and Ibarra-Manríquez, Guillermo and Dorado, Óscar and Villaseñor, José Luis",,,1870-3453,Revista Mexicana de Biodiversidad,,,e944985,Universidad Nacional Autonoma de Mexico,"Delimitación geográfica y florística de la provincia  fisiográfica de la Depresión del Balsas, México,  con énfasis en el bosque tropical estacionalmente seco",http://dx.doi.org/10.22201/ib.20078706e.2023.94.4985,94,2023
10.21829/abm130.2023.2213,"Francisco-Gutiérrez, Antonio and Ruiz-Sanchez, Eduardo and Lira-Noriega, Andrés",,,0187-7151,Acta Botanica Mexicana,,130,,"Instituto de Ecologia, A.C.",Biogeografía y evaluaciones de conservación de las especies de Lamourouxia (Orobanchaceae),http://dx.doi.org/10.21829/abm130.2023.2213,,2023
10.3389/fsufs.2023.1192054,"González-Orozco, Carlos E. and Diaz-Giraldo, Raul Alejandro and Rodriguez-Castañeda, Catalina",,,2571-581X,Frontiers in Sustainable Food Systems,,,,Frontiers Media SA,An early warning for better planning of agricultural expansion and biodiversity conservation in the Orinoco high plains of Colombia,http://dx.doi.org/10.3389/fsufs.2023.1192054,7,2023
10.1017/s1479262123000047,"González-Orozco, Carlos E. and Osorio-Guarín, Jaime A. and Yockteng, Roxana",,,1479-263X,Plant Genetic Resources: Characterization and Utilization,,3,203–214,Cambridge University Press (CUP),Phylogenetic diversity of cacao (Theobroma cacao L.) genotypes in Colombia,http://dx.doi.org/10.1017/S1479262123000047,20,2022
10.1111/ddi.13660,"González‐Orozco, Carlos E. and Parra‐Quijano, Mauricio",,,1472-4642,Diversity and Distributions,,2,224–231,Wiley,Comparing species and evolutionary diversity metrics to inform conservation,http://dx.doi.org/10.1111/ddi.13660,29,2022
10.1038/s41467-023-42671-y,"Guo, Wen-Yong and Serra-Diaz, Josep M. and Eiserhardt, Wolf L. and Maitner, Brian S. and Merow, Cory and Violle, Cyrille and Pound, Matthew J. and Sun, Miao and Slik, Ferry and Blach-Overgaard, Anne and Enquist, Brian J. and Svenning, Jens-Christian",,,2041-1723,Nature Communications,,1,,Springer Science and Business Media LLC,Climate change and land use threaten global hotspots of phylogenetic endemism for trees,http://dx.doi.org/10.1038/s41467-023-42671-y,14,2023
10.1093/botlinnean/boad002,"Mardones, Daniela and Scherson, Rosa A",,,1095-8339,Botanical Journal of the Linnean Society,,4,433–448,Oxford University Press (OUP),Hotspots within a hotspot: evolutionary measures unveil interesting biogeographic patterns in threatened coastal forests in Chile,http://dx.doi.org/10.1093/botlinnean/boad002,202,2023
10.1093/biolinnean/blac128,"McCurry, Matthew R and Park, Travis and Coombs, Ellen J and Hart, Lachlan J and Laffan, Shawn",,,1095-8312,Biological Journal of the Linnean Society,,4,470–480,Oxford University Press (OUP),Latitudinal gradients in the skull shape and assemblage structure of delphinoid cetaceans,http://dx.doi.org/10.1093/biolinnean/blac128,138,2023
10.1111/jse.13019,"Miller, Joseph T. and Prentice, Emily and Bui, Elisabeth N. and Knerr, Nunzio and Mishler, Brent D. and Schmidt‐Lebuhn, Alexander N. and González‐Orozco, Carlos and Laffan, Shawn",,,1759-6831,Journal of Systematics and Evolution,,6,957–966,Wiley,Banksia (Proteaceae) contains less phylogenetic diversity than expected in Southwestern Australia,http://dx.doi.org/10.1111/jse.13019,61,2023
10.1371/journal.pone.0292352,"Molina-Paniagua, María Eugenia and Alves de Melo, Pablo Hendrigo and Ramírez-Barahona, Santiago and Monro, Alexandre K. and Burelo-Ramos, Carlos Manuel and Gómez-Domínguez, Héctor and Ortiz-Rodriguez, Andrés Ernesto","Silva, Daniel de Paiva",,1932-6203,PLOS ONE,,10,e0292352,Public Library of Science (PLoS),How diverse are the mountain karst forests of Mexico?,http://dx.doi.org/10.1371/journal.pone.0292352,18,2023
10.3390/d15020306,"Nicolau, Gary K. and Edwards, Shelley",,,1424-2818,Diversity,,2,306,MDPI AG,Diversity and Endemism of Southern African Gekkonids Linked with the Escarpment Has Implications for Conservation Priorities,http://dx.doi.org/10.3390/d15020306,15,2023
10.3390/d15040522,"Ortiz-Brunel, Juan Pablo and Ochoterena, Helga and Moore, Michael J. and Aragón-Parada, Juvenal and Flores, Joel and Munguía-Lino, Guadalupe and Rodríguez, Aarón and Salinas-Rodríguez, María Magdalena and Flores-Olvera, Hilda",,,1424-2818,Diversity,,4,522,MDPI AG,Patterns of Richness and Endemism in the Gypsicolous Flora of Mexico,http://dx.doi.org/10.3390/d15040522,15,2023
10.1371/journal.pone.0287957,"Ramírez-Verdugo, Pamela and Tapia, Alexis and Forest, Félix and Scherson, Rosa A.","Bossart, Janice L.",,1932-6203,PLOS ONE,,7,e0287957,Public Library of Science (PLoS),Evolutionary diversity of the endemic genera of the vascular flora of Chile and its implications for conservation,http://dx.doi.org/10.1371/journal.pone.0287957,18,2023
10.11646/phytotaxa.609.3.2,"RUIZ-SANCHEZ, EDUARDO and MUNGUÍA-LINO, GUADALUPE and PIANISSOLA, EVANDRO MACHADO and ELY, FRANCISCA and CLARK, LYNN G.",,,1179-3155,Phytotaxa,,3,180–194,Magnolia Press,"Richness and endemism in Chusquea subg. Swallenochloa (Poaceae), a Neotropical subgenus adapted to temperate conditions",http://dx.doi.org/10.11646/phytotaxa.609.3.2,609,2023
10.17129/botsci.3299,"Villaseñor, José Luis and Ortiz, Enrique and Hernández-Flores, Mariana Mayte",,,2007-4298,Botanical Sciences,,4,1207–1221,"Botanical Sciences, Sociedad Botanica de Mexico, AC","The vascular plant species endemic or nearly endemic to Puebla, Mexico",http://dx.doi.org/10.17129/botsci.3299,101,2023
10.1016/j.gecco.2023.e02752,"Wang, Chuncheng and Zhu, Shanshan and Jiang, Xiaolong and Chen, Shaopeng and Xiao, Yizhe and Zhao, Yanghui and Yan, Yadan and Wen, Yafeng",,,2351-9894,Global Ecology and Conservation,,,e02752,Elsevier BV,Spatio-temporal variation of species richness and phylogenetic diversity patterns for spring ephemeral plants in northern China,http://dx.doi.org/10.1016/j.gecco.2023.e02752,48,2023
10.1016/j.isci.2023.107364,"Ye, Chao and Liu, Huiyuan and Qin, Haining and Shu, Jiangping and Zhou, Zhihua and Jin, Xiaohua",,,2589-0042,iScience,,8,107364,Elsevier BV,Geographical distribution and conservation strategy of national key protected wild plants of China,http://dx.doi.org/10.1016/j.isci.2023.107364,26,2023
10.1111/jbi.14577,"Zhang, Hongxiang and Chen, Si‐Chong and Bonser, Stephen P. and Hitchcock, Timothy and Moles, Angela T.",,,1365-2699,Journal of Biogeography,,5,827–837,Wiley,Factors that shape large‐scale gradients in clonality,http://dx.doi.org/10.1111/jbi.14577,50,2023
10.1016/j.ecolind.2023.110001,"Zhou, Run and Ci, Xiuqin and Hu, Jianlin and Zhang, Xiaoyan and Cao, Guanlong and Xiao, Jianhua and Liu, Zhifang and Li, Lang and Thornhill, Andrew H. and Conran, John G. and Li, Jie",,,1470-160X,Ecological Indicators,,,110001,Elsevier BV,Transitional areas of vegetation as biodiversity hotspots evidenced by multifaceted biodiversity analysis of a dominant group in Chinese evergreen broad-leaved forests,http://dx.doi.org/10.1016/j.ecolind.2023.110001,147,2023
10.1016/j.biocon.2022.109677,"Amaral, Danilo Trabuco and Bonatelli, Isabel A.S. and Romeiro-Brito, Monique and Moraes, Evandro Marsola and Franco, Fernando Faria",,,0006-3207,Biological Conservation,,,109677,Elsevier BV,Spatial patterns of evolutionary diversity in Cactaceae show low ecological representation within protected areas,http://dx.doi.org/10.1016/j.biocon.2022.109677,273,2022
10.1600/036364422x16512564801641,"Ávila-González, Heriberto and González-Gallegos, Jesús Guadalupe and Munguía-Lino, Guadalupe and Castro-Castro, Arturo",,,0363-6445,Systematic Botany,,2,319–334,American Society of Plant Taxonomists,"The Genus Sisyrinchium (Iridaceae) in Sierra Madre Occidental, Mexico: A New Species, Richness and Distribution",http://dx.doi.org/10.1600/036364422X16512564801641,47,2022
10.1111/jbi.14385,"Carter, Benjamin E. and Misiewicz, Tracy M. and Mishler, Brent D.",,,1365-2699,Journal of Biogeography,,7,1327–1338,Wiley,Spatial phylogenetic patterns in the North American moss flora are shaped by history and climate,http://dx.doi.org/10.1111/jbi.14385,49,2022
10.1016/j.jnc.2022.126197,"Chen, Ke and Khine, Phyo Kay and Yang, Zongbao and Schneider, Harald",,,1617-1381,Journal for Nature Conservation,,,126197,Elsevier BV,Historical plant records enlighten the conservation efforts of ferns and Lycophytes’ diversity in tropical China,http://dx.doi.org/10.1016/j.jnc.2022.126197,68,2022
10.17129/botsci.2844,"Contreras-Medina, Raúl and García-Martínez, Azael I. and Ramírez-Martínez, Julio Cesar and Espinosa, David and Balam-Narváez, Ricardo and Luna-Vega, Isolda",,,2007-4298,Botanical Sciences,,1,204–222,"Botanical Sciences, Sociedad Botanica de Mexico, AC",Biogeographic analysis of ferns and lycophytes in Oaxaca: A Mexican beta-diverse area,http://dx.doi.org/10.17129/botsci.2844,100,2021
10.1590/2175-7860202273057,"Fernandes, Natália Brandão Gonçalves and Yazbeck, Gabriel de Menezes and Milward-de-Azevedo, Michaele Alvim",,,0370-6583,Rodriguésia,,,,FapUNIFESP (SciELO),Taxonomic diversity of Passifloraceae sensu stricto along altitudinal gradient and on Serra dos Órgãos mountain slopes in southeastern Brazil,http://dx.doi.org/10.1590/2175-7860202273057,73,2022
10.3390/d14060493,"Gosper, Carl R. and Percy-Bower, Julia M. and Byrne, Margaret and Llorens, Tanya M. and Yates, Colin J.",,,1424-2818,Diversity,,6,493,MDPI AG,"Distribution, Biogeography and Characteristics of the Threatened and Data-Deficient Flora in the Southwest Australian Floristic Region",http://dx.doi.org/10.3390/d14060493,14,2022
10.1111/jbi.14358,"Griffiths, David",,,1365-2699,Journal of Biogeography,,5,930–941,Wiley,Do the drivers and levels of isolation in fish faunas differ across Atlantic and Pacific drainages in the Americas?,http://dx.doi.org/10.1111/jbi.14358,49,2022
10.1007/s40415-022-00818-z,"Gutiérrez-Rodríguez, Brandon E. and Guevara, Roger and Angulo, Diego F. and Ruiz-Domínguez, Catalina and Sosa, Victoria",,,1806-9959,Brazilian Journal of Botany,,3,1149–1160,Springer Science and Business Media LLC,"Ecological niches, endemism and conservation of the species in Selenicereus (Hylocereeae, Cactaceae)",http://dx.doi.org/10.1007/s40415-022-00818-z,45,2022
10.1016/j.pld.2022.03.004,"Gutiérrez-Rodríguez, Brandon E. and Vásquez-Cruz, Marilyn and Sosa, Victoria",,,2468-2659,Plant Diversity,,4,351–359,Elsevier BV,Phylogenetic endemism of the orchids of Megamexico reveals complementary areas for conservation,http://dx.doi.org/10.1016/j.pld.2022.03.004,44,2022
10.1093/sysbio/syab068,"Kong, Hanghui and Condamine, Fabien L and Yang, Lihua and Harris, A J and Feng, Chao and Wen, Fang and Kang, Ming","Ree, Richard",,1076-836X,Systematic Biology,,3,589–609,Oxford University Press (OUP),Phylogenomic and Macroevolutionary Evidence for an Explosive Radiation of a Plant Genus in the Miocene,http://dx.doi.org/10.1093/sysbio/syab068,71,2021
10.3389/fpls.2022.854372,"Moreira-Muñoz, Andrés and Palchetti, María Virginia and Morales-Fierro, Vanezza and Duval, Valeria Soledad and Allesch-Villalobos, Rudy and González-Orozco, Carlos E.",,,1664-462X,Frontiers in Plant Science,,,,Frontiers Media SA,Diversity and Conservation Gap Analysis of the Solanaceae of Southern South America,http://dx.doi.org/10.3389/fpls.2022.854372,13,2022
10.11646/phytotaxa.558.2.1,"MURILLO-PÉREZ, GERALDINE and RODRÍGUEZ, AARÓN and SÁNCHEZ-CARBAJAL, DANIEL and RUIZ-SANCHEZ, EDUARDO and CARRILLO-REYES, PABLO and MUNGUÍA-LINO, GUADALUPE",,,1179-3155,Phytotaxa,,2,147–177,Magnolia Press,Spatial distribution of species richness and endemism of Solanum (Solanaceae) in Mexico,http://dx.doi.org/10.11646/phytotaxa.558.2.1,558,2022
10.3390/plants11202742,"Olivares-Juárez, Ma. Isabel and Burgos-Hernández, Mireya and Santiago-Alvarádo, Margarita",,,2223-7747,Plants,,20,2742,MDPI AG,Patterns of Species Richness and Distribution of the Genus Laelia s.l. vs. Laelia s.s. (Laeliinae: Epidendroideae: Orchidaceae) in Mexico: Taxonomic Contribution and Conservation Implications,http://dx.doi.org/10.3390/plants11202742,11,2022
10.7717/peerj.13534,"Paz, Andrea and Silva, Thiago S. and Carnaval, Ana C.",,,2167-8359,PeerJ,,,e13534,PeerJ,"A framework for near-real time monitoring of diversity patterns based on indirect remote sensing, with an application in the Brazilian Atlantic rainforest",http://dx.doi.org/10.7717/peerj.13534,10,2022
10.17129/botsci.2975,"Rivera-Martínez, Ricardo and Ramírez-Morillo, Ivón M. and De-Nova, José Arturo and Carnevali, Germán and Pinzón, Juan P. and Romero-Soler, Katya J. and Raigoza, Néstor and Sánchez Salazar, María Elena",,,2007-4298,Botanical Sciences,,3,692–709,"Botanical Sciences, Sociedad Botanica de Mexico, AC",Spatial phylogenetics in Hechtioideae (Bromeliaceae) reveals recent diversification and dispersal,http://dx.doi.org/10.17129/botsci.2975,100,2022
10.3389/fevo.2022.774083,"Silva, Daiana C. and Oliveira, Hernani F. M. and Zangrandi, Priscilla L. and Domingos, Fabricius M. C. B.",,,2296-701X,Frontiers in Ecology and Evolution,,,,Frontiers Media SA,Flying Over Amazonian Waters: The Role of Rivers on the Distribution and Endemism Patterns of Neotropical Bats,http://dx.doi.org/10.3389/fevo.2022.774083,10,2022
10.1016/j.biocon.2022.109817,"Wang, Qing and Huang, Jihong and Zang, Runguo and Li, Zhenping and El-Kassaby, Yousry A.",,,0006-3207,Biological Conservation,,,109817,Elsevier BV,Centres of neo- and paleo-endemism for Chinese woody flora and their environmental features,http://dx.doi.org/10.1016/j.biocon.2022.109817,276,2022
10.1002/ece3.8940,"Yang, Xudong and Qin, Fei and Xue, Tiantian and Xia, Changying and Gadagkar, Sudhindra R. and Yu, Shengxiang",,,2045-7758,Ecology and Evolution,,5,,Wiley,Insights into plant biodiversity conservation in large river valleys in China: A spatial analysis of species and phylogenetic diversity,http://dx.doi.org/10.1002/ece3.8940,12,2022
10.3389/fpls.2022.962609,"Yang, Xudong and Zhang, Wendi and Qin, Fei and Yu, Jianghong and Xue, Tiantian and Huang, Yunfeng and Xu, Weibin and Wu, Jianyong and Smets, Erik F. and Yu, Shengxiang",,,1664-462X,Frontiers in Plant Science,,,,Frontiers Media SA,Biodiversity priority areas and conservation strategies for seed plants in China,http://dx.doi.org/10.3389/fpls.2022.962609,13,2022
10.1111/csp2.12653,"Zhang, Wendi and Bussmann, Rainer W. and Li, Jin and Liu, Bo and Xue, Tiantian and Yang, Xudong and Qin, Fei and Liu, Huiming and Yu, Shengxiang",,,2578-4854,Conservation Science and Practice,,4,,Wiley,"Biodiversity hotspots and conservation efficiency of a large drainage basin: Distribution patterns of species richness and conservation gaps analysis in the Yangtze River Basin, China",http://dx.doi.org/10.1111/csp2.12653,4,2022
10.1016/j.pld.2021.09.001,"Zhang, Ya-Zhou and Qian, Li-Shen and Chen, Xu-Fang and Sun, Lu and Sun, Hang and Chen, Jian-Guo",,,2468-2659,Plant Diversity,,3,231–242,Elsevier BV,Diversity patterns of cushion plants on the Qinghai-Tibet Plateau: A basic study for future conservation efforts on alpine ecosystems,http://dx.doi.org/10.1016/j.pld.2021.09.001,44,2022
10.1111/jipb.13189,"Zhang, Xiao‐Xia and Ye, Jian‐Fei and Laffan, Shawn W. and Mishler, Brent D. and Thornhill, Andrew H. and Lu, Li‐Min and Mao, Ling‐Feng and Liu, Bing and Chen, You‐Hua and Lu, An‐Ming and Miller, Joseph T. and Chen, Zhi‐Duan",,,1744-7909,Journal of Integrative Plant Biology,,1,105–117,Wiley,Spatial phylogenetics of the Chinese angiosperm flora provides insights into endemism and conservation,http://dx.doi.org/10.1111/jipb.13189,64,2022
10.17520/biods.2021385,"Zhao, Rensheng and Xu, Shijia and Song, Pengfei and Zhou, Xiang and Zhang, Yazhou and Yuan, Yan",,,1005-0094,Biodiversity Science,,4,21385,Biodiversity Science,Distribution patterns of medicinal plant diversity and their conservation priorities in the Qinghai-Tibet Plateau,http://dx.doi.org/10.17520/biods.2021385,30,2022
10.11646/phytotaxa.514.1.3,"ANGUIANO-CONSTANTE, MARCO ANTONIO and DEAN, ELLEN and STARBUCK, THOMAS and RODRÍGUEZ, AARÓN and MUNGUÍA-LINO, GUADALUPE",,,1179-3155,Phytotaxa,,1,39–60,Magnolia Press,"Diversity, species richness distribution and centers of endemism of Lycianthes (Capsiceae, Solanaceae) in Mexico",http://dx.doi.org/10.11646/phytotaxa.514.1.3,514,2021
10.7320/flmedit31si.297,,,,2240-4538,Flora Mediterranea,,Special Issue,,Fondazione Pro Herbario Mediterraneo,,http://dx.doi.org/10.7320/FlMedit31SI.297,31,2021
10.1002/ece3.8119,"Bharti, D. K. and Edgecombe, Gregory D. and Karanth, K. Praveen and Joshi, Jahnavi",,,2045-7758,Ecology and Evolution,,23,16499–16513,Wiley,"Spatial patterns of phylogenetic diversity and endemism in the Western Ghats, India: A case study using ancient predatory arthropods",http://dx.doi.org/10.1002/ece3.8119,11,2021
10.1111/jbi.14107,"Camacho, Gabriela P. and Loss, Ana Carolina and Fisher, Brian L. and Blaimer, Bonnie B.",,,1365-2699,Journal of Biogeography,,7,1706–1719,Wiley,Spatial phylogenomics of acrobat ants in Madagascar—Mountains function as cradles for recent diversity and endemism,http://dx.doi.org/10.1111/jbi.14107,48,2021
10.1111/ddi.13241,"Cheikh Albassatneh, Marwan and Escudero, Marcial and Monnet, Anne‐Christine and Arroyo, Juan and Bacchetta, Gianluigi and Bagnoli, Francesca and Dimopoulos, Panayotis and Hampe, Arndt and Leriche, Agathe and Médail, Frédéric and Nikolic, Toni and Ponger, Loïc and Vendramin, Giovanni Giuseppe and Fady, Bruno","Burridge, Chris",,1472-4642,Diversity and Distributions,,5,913–928,Wiley,Spatial patterns of genus‐level phylogenetic endemism in the tree flora of Mediterranean Europe,http://dx.doi.org/10.1111/ddi.13241,27,2021
10.1016/j.isci.2021.102239,"Earl, Chandra and Belitz, Michael W. and Laffan, Shawn W. and Barve, Vijay and Barve, Narayani and Soltis, Douglas E. and Allen, Julie M. and Soltis, Pamela S. and Mishler, Brent D. and Kawahara, Akito Y. and Guralnick, Robert",,,2589-0042,iScience,,4,102239,Elsevier BV,Spatial phylogenetics of butterflies in relation to environmental drivers and angiosperm diversity across North America,http://dx.doi.org/10.1016/j.isci.2021.102239,24,2021
10.1371/journal.pone.0253152,"Flores-Tolentino, Mayra and Beltrán-Rodríguez, Leonardo and Morales-Linares, Jonas and Ramírez Rodríguez, J. Rolando and Ibarra-Manríquez, Guillermo and Dorado, Óscar and Villaseñor, José Luis","Wan, Ji-Zhong",,1932-6203,PLOS ONE,,6,e0253152,Public Library of Science (PLoS),Biogeographic regionalization by spatial and environmental components: Numerical proposal,http://dx.doi.org/10.1371/journal.pone.0253152,16,2021
10.1007/s10531-021-02150-6,"Furtado, Samyra Gomes and Menini Neto, Luiz",,,1572-9710,Biodiversity and Conservation,,5,1415–1431,Springer Science and Business Media LLC,What is the role of topographic heterogeneity and climate on the distribution and conservation of vascular epiphytes in the Brazilian Atlantic Forest?,http://dx.doi.org/10.1007/s10531-021-02150-6,30,2021
10.3958/059.046.0425,"Garcia-Rodriguez, Auda and Luna-Vega, Isolda and Yáñez-Ordóñez, Olivia and Ramírez-Martínez, Julio Cesar and Espinosa, David and Contreras-Medina, Raúl",,,0147-1724,Southwestern Entomologist,,4,,Society of Southwestern Entomologists,"Patrones de Distribución de las Abejas1 del Bosque Mesófilo de Montaña de la Sierra Madre Oriental, México",http://dx.doi.org/10.3958/059.046.0425,46,2021
10.11646/phytotaxa.484.3.1,"GONZÁLEZ-OROZCO, CARLOS E.",,,1179-3155,Phytotaxa,,3,247–260,Magnolia Press,&lt;p&gt;&lt;strong&gt;Biogeographical regionalisation of Colombia: a revised area taxonomy&lt;/strong&gt;&lt;/p&gt;,http://dx.doi.org/10.11646/phytotaxa.484.3.1,484,2021
10.47374/novcol.2021.v16.1987,"Gonzalez-Orozco, Carlos",,,0121-3520,Revista Novedades Colombianas,,1,135–156,Universidad del Cauca,Regiones biogeográficas del género Cinchona L. (Rubiaceae- Cinchoneae),http://dx.doi.org/10.47374/novcol.2021.v16.1987,16,2021
10.1111/eva.13295,"González‐Orozco, Carlos E. and Sosa, Chrystian C. and Thornhill, Andrew H. and Laffan, Shawn W.",,,1752-4571,Evolutionary Applications,,11,2603–2617,Wiley,Phylogenetic diversity and conservation of crop wild relatives in Colombia,http://dx.doi.org/10.1111/eva.13295,14,2021
10.1093/biolinnean/blaa141,"Gosper, Carl R and Coates, David J and Hopper, Stephen D and Byrne, Margaret and Yates, Colin J",,,1095-8312,Biological Journal of the Linnean Society,,2,394–410,Oxford University Press (OUP),The role of landscape history in the distribution and conservation of threatened flora in the Southwest Australian Floristic Region,http://dx.doi.org/10.1093/biolinnean/blaa141,133,2020
10.1071/sb21012,"Hammer, Timothy A. and Renton, Michael and Mucina, Ladislav and Thiele, Kevin R.",,,1446-5701,Australian Systematic Botany,,6,570–586,CSIRO Publishing,Arid Australia as a source of plant diversity: the origin and climatic evolution of,http://dx.doi.org/10.1071/SB21012,34,2021
10.1016/j.funeco.2021.101097,"Hao, Tianxiao and Elith, Jane and Guillera-Arroita, Gurutzeta and Lahoz-Monfort, José J. and May, Tom W.",,,1754-5048,Fungal Ecology,,,101097,Elsevier BV,Enhancing repository fungal data for biogeographic analyses,http://dx.doi.org/10.1016/j.funeco.2021.101097,53,2021
10.3390/biology10020072,"Kougioumoutzis, Konstantinos and Kokkoris, Ioannis and Panitsa, Maria and Kallimanis, Athanasios and Strid, Arne and Dimopoulos, Panayotis",,,2079-7737,Biology,,2,72,MDPI AG,Plant Endemism Centres and Biodiversity Hotspots in Greece,http://dx.doi.org/10.3390/biology10020072,10,2021
10.1126/sciadv.abe5582,"Murali, Gopal and Gumbs, Rikki and Meiri, Shai and Roll, Uri",,,2375-2548,Science Advances,,42,,American Association for the Advancement of Science (AAAS),Global determinants and conservation of evolutionary and geographic rarity in land vertebrates,http://dx.doi.org/10.1126/sciadv.abe5582,7,2021
10.22201/ib.20078706e.2021.92.3739,"Ortiz-Brunel, Juan Pablo and Munguía-Lino, Guadalupe and Castro-Castro, Arturo and Rodríguez, Aarón",,,1870-3453,Revista Mexicana de Biodiversidad,,0,923739,Universidad Nacional Autonoma de Mexico,"Biogeographic analysis of the American genus Echeandia (Asparagoideae, Asparagaceae)",http://dx.doi.org/10.22201/ib.20078706e.2021.92.3739,92,2021
10.1111/jbi.14083,"Paz, Andrea and Brown, Jason L. and Cordeiro, Carlos L. O. and Aguirre‐Santoro, Julian and Assis, Claydson and Amaro, Renata Cecilia and Raposo do Amaral, Fabio and Bochorny, Thuane and Bacci, Lucas F. and Caddah, Mayara K. and d’Horta, Fernando and Kaehler, Miriam and Lyra, Mariana and Grohmann, Carlos Henrique and Reginato, Marcelo and Silva‐Brandão, Karina Lucas and Freitas, André Victor Lucci and Goldenberg, Renato and Lohmann, Lúcia G. and Michelangeli, Fabián A. and Miyaki, Cristina and Rodrigues, Miguel T. and Silva, Thiago S. and Carnaval, Ana C.","Lei, Fumin",,1365-2699,Journal of Biogeography,,6,1377–1391,Wiley,Environmental correlates of taxonomic and phylogenetic diversity in the Atlantic Forest,http://dx.doi.org/10.1111/jbi.14083,48,2021
10.1007/s40415-020-00671-y,"Pereira, Luciana Carvalho and Chautems, Alain and Menini Neto, Luiz",,,1806-9959,Brazilian Journal of Botany,,1,239–248,Springer Science and Business Media LLC,"Biogeography and Conservation of Gesneriaceae in the Serra da Mantiqueira, Southeastern Region of Brazil",http://dx.doi.org/10.1007/s40415-020-00671-y,44,2020
10.1111/ddi.13254,"Pinedo‐Escatel, Jorge Adilson and Aragón‐Parada, Juvenal and Dietrich, Christopher H. and Moya‐Raygoza, Gustavo and Zahniser, James N. and Portillo, Liberato","Hou, Zhonge",,1472-4642,Diversity and Distributions,,6,1051–1065,Wiley,Biogeographical evaluation and conservation assessment of arboreal leafhoppers in the Mexican Transition Zone biodiversity hotspot,http://dx.doi.org/10.1111/ddi.13254,27,2021
10.1111/jbi.14076,"Suissa, Jacob S. and Sundue, Michael A. and Testo, Weston L.",,,1365-2699,Journal of Biogeography,,6,1296–1308,Wiley,"Mountains, climate and niche heterogeneity explain global patterns of fern diversity",http://dx.doi.org/10.1111/jbi.14076,48,2021
10.1016/j.foreco.2021.119540,"Yang, Xudong and Liu, Bo and Bussmann, Rainer W. and Guan, Xiao and Xu, Weibin and Xue, Tiantian and Xia, Changying and Li, Jin and Jiang, Hong and Wu, Lei and Yu, Shengxiang",,,0378-1127,Forest Ecology and Management,,,119540,Elsevier BV,Integrated plant diversity hotspots and long-term stable conservation strategies in the unique karst area of southern China under global climate change,http://dx.doi.org/10.1016/j.foreco.2021.119540,498,2021
10.1111/jse.12558,"Xu, Mei‐Zhen and Yang, Li‐Hua and Kong, Hang‐Hui and Wen, Fang and Kang, Ming",,,1759-6831,Journal of Systematics and Evolution,,2,251–261,Wiley,Congruent spatial patterns of species richness and phylogenetic diversity in karst flora: Case study of Primulina (Gesneriaceae),http://dx.doi.org/10.1111/jse.12558,59,2020
10.1016/j.gecco.2021.e01885,"Xue, Tiantian and Gadagkar, Sudhindra R. and Albright, Thomas P. and Yang, Xudong and Li, Jin and Xia, Changying and Wu, Jianyong and Yu, Shengxiang",,,2351-9894,Global Ecology and Conservation,,,e01885,Elsevier BV,Prioritizing conservation of biodiversity in an alpine region: Distribution pattern and conservation status of seed plants in the Qinghai-Tibetan Plateau,http://dx.doi.org/10.1016/j.gecco.2021.e01885,32,2021
10.1093/aobpla/plab018,"Zhang, Yazhou and Chen, Jianguo and Sun, Hang","Rajakaruna, Nishanta",,2041-2851,AoB PLANTS,,3,,Oxford University Press (OUP),Alpine speciation and morphological innovations: revelations from a species-rich genus in the northern hemisphere,http://dx.doi.org/10.1093/aobpla/plab018,13,2021
10.1016/j.pld.2020.09.001,"Zhang, Yazhou and Qian, Lishen and Spalink, Daniel and Sun, Lu and Chen, Jianguo and Sun, Hang",,,2468-2659,Plant Diversity,,3,181–191,Elsevier BV,Spatial phylogenetics of two topographic extremes of the Hengduan Mountains in southwestern China and its implications for biodiversity conservation,http://dx.doi.org/10.1016/j.pld.2020.09.001,43,2021
10.1002/ece3.7180,"Zhu, Zhi‐Xin and Harris, AJ and Nizamani, Mir Muhammad and Thornhill, Andrew H. and Scherson, Rosa A. and Wang, Hua‐Feng",,,2045-7758,Ecology and Evolution,,5,2100–2109,Wiley,"Spatial phylogenetics of the native woody plant species in Hainan, China",http://dx.doi.org/10.1002/ece3.7180,11,2021
10.1111/ecog.04815,"Azevedo, Josué A. R. and Guedes, Thaís B. and Nogueira, Cristiano de C. and Passos, Paulo and Sawaya, Ricardo J. and Prudente, Ana L. C. and Barbo, Fausto E. and Strüssmann, Christine and Franco, Francisco L. and Arzamendia, Vanesa and Giraudo, Alejandro R. and Argôlo, Antônio J. S. and Jansen, Martin and Zaher, Hussam and Tonini, João F. R. and Faurby, Søren and Antonelli, Alexandre",,,1600-0587,Ecography,,2,328–339,Wiley,Museums and cradles of diversity are geographically coincident for narrowly distributed Neotropical snakes,http://dx.doi.org/10.1111/ecog.04815,43,2019
10.17129/botsci.2550,"Barrera-Robles, Pahola Judith and Burgos-Hernández, Mireya and Ruíz-Acevedo, Alma Delia and Castillo-Campos, Gonzalo",,,2007-4298,Botanical Sciences,,3,560–572,"Botanical Sciences, Sociedad Botanica de Mexico, AC",La familia Linaceae en México: estado actual y perspectivas,http://dx.doi.org/10.17129/botsci.2550,98,2020
10.11646/zootaxa.4802.1.4,"BEIN, BERNHARD and EBACH, MALTE C. and LAFFAN, SHAWN W. and MURPHY, DANIEL J. and CASSIS, GERASIMOS",,,1175-5326,Zootaxa,,1,,Magnolia Press,"Quantifying vertebrate zoogeographical regions of Australia using geospatial turnover in the species composition of mammals, birds, reptiles and terrestrial amphibians",http://dx.doi.org/10.11646/zootaxa.4802.1.4,4802,2020
10.1111/ddi.13116,"Brown, Jason L. and Paz, Andrea and Reginato, Marcelo and Renata, Cecilia Amaro and Assis, Claydson and Lyra, Mariana and Caddah, Mayara K. and Aguirre‐Santoro, Julian and d’Horta, Fernando and Raposo do Amaral, Fabio and Goldenberg, Renato and Lucas Silva‐Brandão, Karina and Freitas, André Victor Lucci and Rodrigues, Miguel T. and Michelangeli, Fabian A. and Miyaki, Cristina Y. and Carnaval, Ana C.","Iacona, Gwen",,1472-4642,Diversity and Distributions,,9,1160–1176,Wiley,Seeing the forest through many trees: Multi‐taxon patterns of phylogenetic diversity in the Atlantic Forest hotspot,http://dx.doi.org/10.1111/ddi.13116,26,2020
10.1111/nph.16293,"Dagallier, Léo‐Paul M. J. and Janssens, Steven B. and Dauby, Gilles and Blach‐Overgaard, Anne and Mackinder, Barbara A. and Droissart, Vincent and Svenning, Jens‐Christian and Sosef, Marc S. M. and Stévart, Tariq and Harris, David J. and Sonké, Bonaventure and Wieringa, Jan J. and Hardy, Olivier J. and Couvreur, Thomas L. P.",,,1469-8137,New Phytologist,,5,2196–2213,Wiley,Cradles and museums of generic plant diversity across tropical Africa,http://dx.doi.org/10.1111/nph.16293,225,2019
10.1111/nph.16737,"Dalrymple, Rhiannon L. and Kemp, Darrell J. and Flores‐Moreno, Habacuc and Laffan, Shawn W. and White, Thomas E. and Hemmings, Frank A. and Moles, Angela T.",,,1469-8137,New Phytologist,,6,1972–1985,Wiley,Macroecological patterns in flower colour are shaped by both biotic and abiotic factors,http://dx.doi.org/10.1111/nph.16737,228,2020
10.1007/s10722-020-00960-1,"González-Orozco, Carlos E. and Galán, Angela A. Sánchez and Ramos, Pablo E. and Yockteng, Roxana",,,1573-5109,Genetic Resources and Crop Evolution,,8,2071–2085,Springer Science and Business Media LLC,Exploring the diversity and distribution of crop wild relatives of cacao (Theobroma cacao L.) in Colombia,http://dx.doi.org/10.1007/s10722-020-00960-1,67,2020
10.3390/biology9080199,"Kougioumoutzis, Konstantinos and Kokkoris, Ioannis P. and Panitsa, Maria and Trigas, Panayiotis and Strid, Arne and Dimopoulos, Panayotis",,,2079-7737,Biology,,8,199,MDPI AG,"Spatial Phylogenetics, Biogeographical Patterns and Conservation Implications of the Endemic Flora of Crete (Aegean, Greece) under Climate Change Scenarios",http://dx.doi.org/10.3390/biology9080199,9,2020
10.1111/jbi.13789,"Mienna, Ida M. and Speed, James D. M. and Bendiksby, Mika and Thornhill, Andrew H. and Mishler, Brent D. and Martin, Michael D.",,,1365-2699,Journal of Biogeography,,4,915–926,Wiley,Differential patterns of floristic phylogenetic diversity across a post‐glacial landscape,http://dx.doi.org/10.1111/jbi.13789,47,2019
10.1111/jse.12590,"Mishler, Brent D. and Guralnick, Robert and Soltis, Pamela S. and Smith, Stephen A. and Soltis, Douglas E. and Barve, Narayani and Allen, Julie M. and Laffan, Shawn W.",,,1759-6831,Journal of Systematics and Evolution,,4,393–405,Wiley,Spatial phylogenetics of the North American flora,http://dx.doi.org/10.1111/jse.12590,58,2020
10.1111/jbi.13870,"Moles, Angela T. and Laffan, Shawn W. and Keighery, Matthew and Dalrymple, Rhiannon L. and Tindall, Marianne L. and Chen, Si‐Chong",,,1365-2699,Journal of Biogeography,,9,1934–1944,Wiley,"A hairy situation: Plant species in warm, sunny places are more likely to have pubescent leaves",http://dx.doi.org/10.1111/jbi.13870,47,2020
10.1007/s40415-020-00665-w,"Moraes, Andreza Magro and Milward-de-Azevedo, Michaele Alvim and Menini Neto, Luiz and de Faria, Ana Paula Gelli",,,1806-9959,Brazilian Journal of Botany,,4,999–1012,Springer Science and Business Media LLC,"Distribution patterns of Passiflora L. (Passifloraceae s.s.) in the Serra da Mantiqueira, Southeast Brazil",http://dx.doi.org/10.1007/s40415-020-00665-w,43,2020
10.1007/978-3-030-33157-3,,,9783030331573,,,,,,Springer International Publishing,Remote Sensing of Plant Biodiversity,http://dx.doi.org/10.1007/978-3-030-33157-3,,2020
10.1093/botlinnean/boz062,"Ruiz-Sanchez, Eduardo and Munguía-Lino, Guadalupe and Vargas-Amado, Georgina and Rodríguez, Aarón",,,1095-8339,Botanical Journal of the Linnean Society,,,,Oxford University Press (OUP),"Diversity, endemism and conservation status of native Mexican woody bamboos (Poaceae: Bambusoideae: Bambuseae)",http://dx.doi.org/10.1093/botlinnean/boz062,,2019
10.1016/j.jaridenv.2020.104139,"Sosa, Victoria and Vásquez-Cruz, Marilyn and Villarreal-Quintanilla, José Angel",,,0140-1963,Journal of Arid Environments,,,104139,Elsevier BV,Influence of climate stability on endemism of the vascular plants of the Chihuahuan Desert,http://dx.doi.org/10.1016/j.jaridenv.2020.104139,177,2020
10.1640/0002-8444-110.4.211,"Suissa, Jacob S. and Sundue, Michael A.",,,0002-8444,American Fern Journal,,4,,American Fern Society,Diversity Patterns of Neotropical Ferns: Revisiting Tryon’s Centers of Richness and Endemism,http://dx.doi.org/10.1640/0002-8444-110.4.211,110,2020
10.1111/jbi.13846,"Toro‐Núñez, Oscar and Lira‐Noriega, Andrés",,,1365-2699,Journal of Biogeography,,8,1792–1804,Wiley,Discordant phylogenetic endemism patterns in a recently diversified Brassicaceae lineage from the Atacama Desert: When choices in phylogenetics and species distribution information matter,http://dx.doi.org/10.1111/jbi.13846,47,2020
10.1016/j.isci.2018.12.002,"Allen, Julie M. and Germain-Aubrey, Charlotte C. and Barve, Narayani and Neubig, Kurt M. and Majure, Lucas C. and Laffan, Shawn W. and Mishler, Brent D. and Owens, Hannah L. and Smith, Stephen A. and Whitten, W. Mark and Abbott, J. Richard and Soltis, Douglas E. and Guralnick, Robert and Soltis, Pamela S.",,,2589-0042,iScience,,,57–70,Elsevier BV,Spatial Phylogenetics of Florida Vascular Plants: The Effects of Calibration and Uncertainty on Diversity Estimates,http://dx.doi.org/10.1016/j.isci.2018.12.002,11,2019
10.1111/ecog.03927,"Crouch, Nicholas M. A. and Capurucho, João M. G. and Hackett, Shannon J. and Bates, John M.",,,1600-0587,Ecography,,2,390–399,Wiley,Evaluating the contribution of dispersal to community structure in Neotropical passerine birds,http://dx.doi.org/10.1111/ecog.03927,42,2018
10.1111/geb.12888,"Daru, Barnabas H. and le Roux, Peter C. and Gopalraj, Jeyanthi and Park, Daniel S. and Holt, Ben G. and Greve, Michelle","Fleishman, Erica",,1466-8238,Global Ecology and Biogeography,,6,757–766,Wiley,Spatial overlaps between the global protected areas network and terrestrial hotspots of evolutionary diversity,http://dx.doi.org/10.1111/geb.12888,28,2019
10.1111/ddi.12988,"Fuentes‐Castillo, Taryn and Scherson, Rosa A. and Marquet, Pablo A. and Fajardo, Javier and Corcoran, Derek and Román, María José and Pliscoff, Patricio","Holmgren, Milena (OE)",,1472-4642,Diversity and Distributions,,12,1897–1909,Wiley,Modelling the current and future biodiversity distribution in the Chilean Mediterranean hotspot. The role of protected areas network in a warmer future,http://dx.doi.org/10.1111/ddi.12988,25,2019
10.1098/rspb.2018.2477,"Gallien, Laure and Thornhill, Andrew H. and Zurell, Damaris and Miller, Joseph T. and Richardson, David M.",,,1471-2954,Proceedings of the Royal Society B: Biological Sciences,,1897,20182477,The Royal Society,Global predictors of alien plant establishment success: combining niche and trait proxies,http://dx.doi.org/10.1098/rspb.2018.2477,286,2019
10.1111/ecog.03783,"Garcia–R, Juan C. and Gonzalez‐Orozco, Carlos E. and Trewick, Steven A.",,,1600-0587,Ecography,,3,500–510,Wiley,Contrasting patterns of diversification in a bird family (Aves: Gruiformes: Rallidae) are revealed by analysis of geospatial distribution of species and phylogenetic diversity,http://dx.doi.org/10.1111/ecog.03783,42,2018
10.1073/pnas.1900056116,"Greenlon, Alex and Chang, Peter L. and Damtew, Zehara Mohammed and Muleta, Atsede and Carrasquilla-Garcia, Noelia and Kim, Donghyun and Nguyen, Hien P. and Suryawanshi, Vasantika and Krieg, Christopher P. and Yadav, Sudheer Kumar and Patel, Jai Singh and Mukherjee, Arpan and Udupa, Sripada and Benjelloun, Imane and Thami-Alami, Imane and Yasin, Mohammad and Patil, Bhuvaneshwara and Singh, Sarvjeet and Sarma, Birinchi Kumar and von Wettberg, Eric J. B. and Kahraman, Abdullah and Bukun, Bekir and Assefa, Fassil and Tesfaye, Kassahun and Fikre, Asnake and Cook, Douglas R.",,,1091-6490,Proceedings of the National Academy of Sciences,,30,15200–15209,Proceedings of the National Academy of Sciences,Global-level population genomics reveals differential effects of geography and phylogeny on horizontal gene transfer in soil bacteria,http://dx.doi.org/10.1073/pnas.1900056116,116,2019
10.1163/15685403-00003832,"Lam-Gordillo, Orlando and Ardisson, Pedro-Luis",,,1568-5403,Crustaceana,,1,1–31,Brill,The global distribution and richness of frog crabs (Raninoidea),http://dx.doi.org/10.1163/15685403-00003832,92,2019
10.1111/ecog.04194,"López‐Aguirre, Camilo and Hand, Suzanne J. and Laffan, Shawn W. and Archer, Michael",,,1600-0587,Ecography,,6,1188–1199,Wiley,Zoogeographical regions and geospatial patterns of phylogenetic diversity and endemism of New World bats,http://dx.doi.org/10.1111/ecog.04194,42,2019
10.1111/jbi.13496,"McDonald‐Spicer, Christiana and Knerr, Nunzio J. and Encinas‐Viso, Francisco and Schmidt‐Lebuhn, Alexander N.",,,1365-2699,Journal of Biogeography,,2,255–267,Wiley,Big data for a large clade: Bioregionalization and ancestral range estimation in the daisy family (Asteraceae),http://dx.doi.org/10.1111/jbi.13496,46,2019
10.1098/rspb.2019.1887,"Sundaram, Mekala and Donoghue, Michael J. and Farjon, Aljos and Filer, Denis and Mathews, Sarah and Jetz, Walter and Leslie, Andrew B.",,,1471-2954,Proceedings of the Royal Society B: Biological Sciences,,1912,20191887,The Royal Society,Accumulation over evolutionary time as a major cause of biodiversity hotspots in conifers,http://dx.doi.org/10.1098/rspb.2019.1887,286,2019
10.1002/ece3.5059,"Shelley, James J. and Dempster, Tim and Le Feuvre, Matthew C. and Unmack, Peter J. and Laffan, Shawn W. and Swearer, Stephen E.",,,2045-7758,Ecology and Evolution,,8,4568–4588,Wiley,A revision of the bioregionalisation of freshwater fish communities in the Australian Monsoonal Tropics,http://dx.doi.org/10.1002/ece3.5059,9,2019
10.17520/biods.2019224,"Xuerui, Dong and Hong, Zhang and Minggang, Zhang",,,1005-0094,Biodiversity Science,,12,1269–1278,Biodiversity Science,Explaining the diversity and endemic patterns based on phylogenetic approach for woody plants of the Loess Plateau,http://dx.doi.org/10.17520/biods.2019224,27,2019
10.1111/ecog.02596,"Bloomfield, Nathaniel J. and Knerr, Nunzio and Encinas‐Viso, Francisco",,,1600-0587,Ecography,,1,1–10,Wiley,A comparison of network and clustering methods to detect biogeographical regions,http://dx.doi.org/10.1111/ecog.02596,41,2017
10.1080/11263504.2017.1353550,"Carta, Angelino and Pierini, Brunello and Roma-Marzio, Francesco and Bedini, Gianni and Peruzzi, Lorenzo",,,1724-5575,Plant Biosystems - An International Journal Dealing with all Aspects of Plant Biology,,4,831–839,Informa UK Limited,Phylogenetic measures of biodiversity uncover pteridophyte centres of diversity and hotspots in Tuscany,http://dx.doi.org/10.1080/11263504.2017.1353550,152,2017
10.1002/ecm.1287,"Dalrymple, Rhiannon L. and Flores‐Moreno, Habacuc and Kemp, Darrell J. and White, Thomas E. and Laffan, Shawn W. and Hemmings, Frank A. and Hitchcock, Timothy D. and Moles, Angela T.",,,1557-7015,Ecological Monographs,,2,204–224,Wiley,Abiotic and biotic predictors of macroecological patterns in bird and butterfly coloration,http://dx.doi.org/10.1002/ecm.1287,88,2018
10.1016/j.jaridenv.2018.04.005,"Di Virgilio, G. and Wardell-Johnson, G.W. and Robinson, T.P. and Temple-Smith, D. and Hesford, J.",,,0140-1963,Journal of Arid Environments,,,59–68,Elsevier BV,"Characterising fine-scale variation in plant species richness and endemism across topographically complex, semi-arid landscapes",http://dx.doi.org/10.1016/j.jaridenv.2018.04.005,156,2018
10.1111/jbi.13399,"Elliott, Meg J. and Knerr, Nunzio J. and Schmidt‐Lebuhn, Alexander N.",,,1365-2699,Journal of Biogeography,,9,2190–2201,Wiley,Choice between phylogram and chronogram can have a dramatic impact on the location of phylogenetic diversity hotspots,http://dx.doi.org/10.1111/jbi.13399,45,2018
10.1111/geb.12679,"Guedes, Thaís B. and Sawaya, Ricardo J. and Zizka, Alexander and Laffan, Shawn and Faurby, Søren and Pyron, R. Alexander and Bérnils, Renato S. and Jansen, Martin and Passos, Paulo and Prudente, Ana L. C. and Cisneros‐Heredia, Diego F. and Braz, Henrique B. and Nogueira, Cristiano de C. and Antonelli, Alexandre",,,1466-8238,Global Ecology and Biogeography,,1,14–21,Wiley,"Patterns, biases and prospects in the distribution and diversity of Neotropical snakes",http://dx.doi.org/10.1111/geb.12679,27,2017
10.1007/978-3-319-93145-6,,,9783319931456,,,,,,Springer International Publishing,Phylogenetic Diversity: Applications and Challenges in Biodiversity Science,http://dx.doi.org/10.1007/978-3-319-93145-6,,2018
10.1111/jse.12430,"Link‐Pérez, Melanie A. and Laffan, Shawn W.",,,1759-6831,Journal of Systematics and Evolution,,5,498–522,Wiley,Fern and lycophyte diversity in the Pacific Northwest: Patterns and predictors,http://dx.doi.org/10.1111/jse.12430,56,2018
10.1111/ecog.03260,"López‐Aguirre, Camilo and Hand, Suzanne J. and Laffan, Shawn W. and Archer, Michael",,,1600-0587,Ecography,,12,1955–1966,Wiley,"Phylogenetic diversity, types of endemism and the evolutionary history of New World bats",http://dx.doi.org/10.1111/ecog.03260,41,2018
10.3897/zookeys.792.25314,"Miu, Iulia V. and Gabriel B., Chisamera and Popescu, Viorel D. and Iosif, Ruben and Nita, Andreea and Manolache, Steluta and Gavril, Viorel D. and Cobzaru, Ioana and Rozylowicz, Laurentiu",,,1313-2989,ZooKeys,,,133–158,Pensoft Publishers,"Conservation priorities for terrestrial mammals in Dobrogea Region, Romania",http://dx.doi.org/10.3897/zookeys.792.25314,792,2018
10.11646/phytotaxa.376.6.3,"MONTAÑO-ARIAS, GENARO and LUNA-VEGA, ISOLDA and MORRONE, JUAN J. and ESPINOSA, DAVID",,,1179-3155,Phytotaxa,,6,277,Magnolia Press,Biogeographical identity of the Mesoamerican dominion with emphasis on seasonally dry tropical forests,http://dx.doi.org/10.11646/phytotaxa.376.6.3,376,2018
10.1016/j.biocon.2018.05.030,"Orsenigo, Simone and Montagnani, Chiara and Fenu, Giuseppe and Gargano, Domenico and Peruzzi, Lorenzo and Abeli, Thomas and Alessandrini, Alessandro and Bacchetta, Gianluigi and Bartolucci, Fabrizio and Bovio, Maurizio and Brullo, Cristian and Brullo, Salvatore and Carta, Angelino and Castello, Miris and Cogoni, Donatella and Conti, Fabio and Domina, Gianniantonio and Foggi, Bruno and Gennai, Matilde and Gigante, Daniela and Iberite, Mauro and Lasen, Cesare and Magrini, Sara and Perrino, Enrico V. and Prosser, Filippo and Santangelo, Annalisa and Selvaggi, Alberto and Stinca, Adriano and Vagge, Ilda and Villani, Mariacristina and Wagensommer, Robert P. and Wilhalm, Thomas and Tartaglini, Nicoletta and Duprè, Eugenio and Blasi, Carlo and Rossi, Graziano",,,0006-3207,Biological Conservation,,,213–222,Elsevier BV,Red Listing plants under full national responsibility: Extinction risk and threats in the vascular flora endemic to Italy,http://dx.doi.org/10.1016/j.biocon.2018.05.030,224,2018
10.1111/jse.12416,"Sosa, Victoria and De‐Nova, J. Arturo and Vásquez‐Cruz, Marilyn",,,1759-6831,Journal of Systematics and Evolution,,5,523–536,Wiley,Evolutionary history of the flora of Mexico: Dry forests cradles and museums of endemism,http://dx.doi.org/10.1111/jse.12416,56,2018
10.1111/jse.12423,"Spalink, Daniel and Pender, Jocelyn and Escudero, Marcial and Hipp, Andrew L. and Roalson, Eric H. and Starr, Julian R. and Waterway, Marcia J. and Bohs, Lynn and Sytsma, Kenneth J.",,,1759-6831,Journal of Systematics and Evolution,,5,449–465,Wiley,The spatial structure of phylogenetic and functional diversity in the United States and Canada: An example using the sedge family (Cyperaceae),http://dx.doi.org/10.1111/jse.12423,56,2018
10.1002/ajb2.1191,"Spalink, Daniel and Kriebel, Ricardo and Li, Pan and Pace, Matthew C. and Drew, Bryan T. and Zaborsky, John G. and Rose, Jeffrey and Drummond, Chloe P. and Feist, Mary Ann and Alverson, William S. and Waller, Donald M. and Cameron, Kenneth M. and Givnish, Thomas J. and Sytsma, Kenneth J.",,,1537-2197,American Journal of Botany,,11,1938–1950,Wiley,Spatial phylogenetics reveals evolutionary constraints on the assembly of a large regional flora,http://dx.doi.org/10.1002/ajb2.1191,105,2018
10.1111/jbi.13143,"Yap, Jia‐Yee S. and Rossetto, Maurizio and Costion, Craig and Crayn, Darren and Kooyman, Robert M. and Richardson, James and Henry, Robert",,,1365-2699,Journal of Biogeography,,4,838–847,Wiley,Filters of floristic exchange: How traits and climate shape the rain forest invasion of Sahul from Sunda,http://dx.doi.org/10.1111/jbi.13143,45,2018
10.1111/aec.12536,"Zhang, Hongxiang and Bonser, Stephen P. and Chen, Si‐Chong and Hitchcock, Timothy and Moles, Angela T.",,,1442-9993,Austral Ecology,,1,69–75,Wiley,Is the proportion of clonal species higher at higher latitudes in Australia?,http://dx.doi.org/10.1111/aec.12536,43,2017
10.3732/ajb.1600326,"Baldwin, Bruce G. and Thornhill, Andrew H. and Freyman, William A. and Ackerly, David D. and Kling, Matthew M. and Morueta‐Holme, Naia and Mishler, Brent D.",,,1537-2197,American Journal of Botany,,3,487–501,Wiley,Species richness and endemism in the native flora of California,http://dx.doi.org/10.3732/ajb.1600326,104,2017
10.1111/gbi.12235,"Bui, E. N. and Thornhill, A. H. and González‐Orozco, C. E. and Knerr, N. and Miller, J. T.",,,1472-4669,Geobiology,,3,427–440,Wiley,Climate and geochemistry as drivers of eucalypt diversification in Australia,http://dx.doi.org/10.1111/gbi.12235,15,2017
10.1201/9781315373096,,,9781315373096,,,,,,CRC Press,Handbook of Australasian Biogeography,http://dx.doi.org/10.1201/9781315373096,,2017
10.1111/ecog.02010,"Chen, Si‐Chong and Cornwell, William K. and Zhang, Hong‐Xiang and Moles, Angela T.",,,1600-0587,Ecography,,4,531–538,Wiley,Plants show more flesh in the tropics: variation in fruit type along latitudinal and climatic gradients,http://dx.doi.org/10.1111/ecog.02010,40,2016
10.1111/jbi.12875,"Di Virgilio, Giovanni and Laffan, Shawn W. and Nielsen, Stuart V. and Chapple, David G.",,,1365-2699,Journal of Biogeography,,3,605–614,Wiley,Does range‐restricted evolutionary history predict extinction risk? A case study in lizards,http://dx.doi.org/10.1111/jbi.12875,44,2016
10.1071/sb17009,"Heenan, Peter B. and Millar, Timothy R. and Smissen, Rob D. and McGlone, Matt S. and Wilton, Aaron D.",,,1030-1887,Australian Systematic Botany,,2,124,CSIRO Publishing,Phylogenetic measures of neo- and palaeo-endemism in the indigenous vascular flora of the New Zealand archipelago,http://dx.doi.org/10.1071/SB17009,30,2017
10.1071/sb16015,"Millar, Timothy R. and Heenan, Peter B. and Wilton, Aaron D. and Smissen, Rob D. and Breitwieser, Ilse",,,1030-1887,Australian Systematic Botany,,2,134,CSIRO Publishing,"Spatial distribution of species, genus and phylogenetic endemism in the vascular flora of New Zealand, and implications for conservation",http://dx.doi.org/10.1071/SB16015,30,2017
10.1080/23766808.2016.1266730,"Pricilla Batista Santos, Amanda and Bitencourt, Cássia and Rapini, Alessandro",,,2376-6808,Neotropical Biodiversity,,1,1–9,Informa UK Limited,Distribution patterns of Kielmeyera (Calophyllaceae): the Rio Doce basin emerges as a confluent area between the northern and southern Atlantic Forest,http://dx.doi.org/10.1080/23766808.2016.1266730,3,2016
10.1016/j.ympev.2017.04.021,"Scherson, Rosa A. and Thornhill, Andrew H. and Urbina-Casanova, Rafael and Freyman, William A. and Pliscoff, Patricio A. and Mishler, Brent D.",,,1055-7903,Molecular Phylogenetics and Evolution,,,88–95,Elsevier BV,Spatial phylogenetics of the vascular flora of Chile,http://dx.doi.org/10.1016/j.ympev.2017.04.021,112,2017
10.1186/s12915-017-0435-x,"Thornhill, Andrew H. and Baldwin, Bruce G. and Freyman, William A. and Nosratinia, Sonia and Kling, Matthew M. and Morueta-Holme, Naia and Madsen, Thomas P. and Ackerly, David D. and Mishler, Brent D.",,,1741-7007,BMC Biology,,1,,Springer Science and Business Media LLC,Spatial phylogenetics of the native California flora,http://dx.doi.org/10.1186/s12915-017-0435-x,15,2017
10.1093/jpe/rtw031,"Tindall, Marianne L. and Thomson, Fiona J. and Laffan, Shawn W. and Moles, Angela T.",,,1752-993X,Journal of Plant Ecology,,,rtw031,Oxford University Press (OUP),Is there a latitudinal gradient in the proportion of species with spinescence?,http://dx.doi.org/10.1093/jpe/rtw031,,2016
10.1111/ddi.12607,"Yu, Fangyuan and Skidmore, Andrew K. and Wang, Tiejun and Huang, Jihong and Ma, Keping and Groen, Thomas A.","Merow, Cory",,1472-4642,Diversity and Distributions,,10,1143–1156,Wiley,Rhododendron diversity patterns and priority conservation areas in China,http://dx.doi.org/10.1111/ddi.12607,23,2017
10.3389/fpls.2017.02134,"Zhang, Hong-Xiang and Zhang, Ming-Li",,,1664-462X,Frontiers in Plant Science,,,,Frontiers Media SA,"Spatial Patterns of Species Diversity and Phylogenetic Structure of Plant Communities in the Tianshan Mountains, Arid Central Asia",http://dx.doi.org/10.3389/fpls.2017.02134,8,2017
10.1111/jbi.12760,"Ceccarelli, F. Sara and Ojanguren‐Affilastro, Andrés A. and Ramírez, Martín J. and Ochoa, José A. and Mattoni, Camilo I. and Prendini, Lorenzo",,,1365-2699,Journal of Biogeography,,10,1942–1954,Wiley,Andean uplift drives diversification of the bothriurid scorpion genus Brachistosternus,http://dx.doi.org/10.1111/jbi.12760,43,2016
10.1111/geb.12412,"Daru, Barnabas H. and le Roux, Peter C.",,,1466-8238,Global Ecology and Biogeography,,3,324–334,Wiley,Marine protected areas are insufficient to conserve global marine plant diversity,http://dx.doi.org/10.1111/geb.12412,25,2015
10.1016/j.palaeo.2015.11.037,"Dowding, Elizabeth M. and Ebach, Malte C.",,,0031-0182,"Palaeogeography, Palaeoclimatology, Palaeoecology",,,39–47,Elsevier BV,The Early Devonian palaeobiogeography of Eastern Australasia,http://dx.doi.org/10.1016/j.palaeo.2015.11.037,444,2016
10.1016/j.apgeog.2016.06.012,"Fagúndez, Jaime and Izco, Jesús",,,0143-6228,Applied Geography,,,23–29,Elsevier BV,Diversity patterns of plant place names reveal connections with environmental and social factors,http://dx.doi.org/10.1016/j.apgeog.2016.06.012,74,2016
10.1177/1940082916667140,"González-Ávila, Patricia Astrid and Luna-Vega, Isolda and García-Sandoval, Ricardo and Contreras-Medina, Raúl",,,1940-0829,Tropical Conservation Science,,4,,SAGE Publications,Distributional patterns of the Order Gomphales (Fungi: Basidiomycota) in Mexico,http://dx.doi.org/10.1177/1940082916667140,9,2016
10.1038/nclimate3126,"González-Orozco, Carlos E. and Pollock, Laura J. and Thornhill, Andrew H. and Mishler, Brent D. and Knerr, Nunzio and Laffan, Shawn W. and Miller, Joseph T. and Rosauer, Dan F. and Faith, Daniel P. and Nipperess, David A. and Kujala, Heini and Linke, Simon and Butt, Nathalie and Külheim, Carsten and Crisp, Michael D. and Gruber, Bernd",,,1758-6798,Nature Climate Change,,12,1110–1114,Springer Science and Business Media LLC,Phylogenetic approaches reveal biodiversity threats under climate change,http://dx.doi.org/10.1038/nclimate3126,6,2016
10.1016/j.envsoft.2015.10.025,"Hallgren, Willow and Beaumont, Linda and Bowness, Andrew and Chambers, Lynda and Graham, Erin and Holewa, Hamish and Laffan, Shawn and Mackey, Brendan and Nix, Henry and Price, Jeff and Vanderwal, Jeremy and Warren, Rachel and Weis, Gerhard",,,1364-8152,Environmental Modelling &amp; Software,,,182–186,Elsevier BV,The Biodiversity and Climate Change Virtual Laboratory: Where ecology meets big data,http://dx.doi.org/10.1016/j.envsoft.2015.10.025,76,2016
10.1111/zoj.12422,"Kaczmarek, Łukasz and Gołdyn, Bartłomiej and Mcinnes, Sandra J. and Michalczyk, Łukasz",,,0024-4082,Zoological Journal of the Linnean Society,,4,737–746,Oxford University Press (OUP),Diversity of limno-terrestrial tardigrades of the Americas in relation to the Great American Biotic Interchange hypothesis (GABI),http://dx.doi.org/10.1111/zoj.12422,178,2016
10.1111/2041-210x.12513,"Laffan, Shawn W. and Rosauer, Dan F. and Di Virgilio, Giovanni and Miller, Joseph T. and González‐Orozco, Carlos E. and Knerr, Nunzio and Thornhill, Andrew H. and Mishler, Brent D.","Jones, Kate",,2041-210X,Methods in Ecology and Evolution,,5,580–588,Wiley,Range‐weighted metrics of species and phylogenetic turnover can better resolve biogeographic transition zones,http://dx.doi.org/10.1111/2041-210X.12513,7,2016
10.1111/jbi.12797,"Thornhill, Andrew H. and Mishler, Brent D. and Knerr, Nunzio J. and González‐Orozco, Carlos E. and Costion, Craig M. and Crayn, Darren M. and Laffan, Shawn W. and Miller, Joseph T.",,,1365-2699,Journal of Biogeography,,11,2085–2098,Wiley,"Continental‐scale spatial phylogenetics of Australian angiosperms provides insights into ecology, evolution and conservation",http://dx.doi.org/10.1111/jbi.12797,43,2016
10.1016/j.biocon.2016.04.006,"Tolley, Krystal A. and Alexander, Graham J. and Branch, William R. and Bowles, Philip and Maritz, Bryan",,,0006-3207,Biological Conservation,,,63–71,Elsevier BV,Conservation status and threats for African reptiles,http://dx.doi.org/10.1016/j.biocon.2016.04.006,204,2016
10.1111/nph.13199,"Cook, Lyn G. and Hardy, Nate B. and Crisp, Michael D.",,,1469-8137,New Phytologist,,2,390–400,Wiley,"Three explanations for biodiversity hotspots: small range size, geographical overlap and time for species accumulation. An <scp>A</scp>ustralian case study",http://dx.doi.org/10.1111/nph.13199,207,2014
10.1111/ddi.12266,"Costion, Craig M. and Edwards, Will and Ford, Andrew J. and Metcalfe, Daniel J. and Cross, Hugh B. and Harrington, Mark G. and Richardson, James E. and Hilbert, David W. and Lowe, Andrew J. and Crayn, Darren M.","Wilson, Kerrie",,1472-4642,Diversity and Distributions,,3,279–289,Wiley,Using phylogenetic diversity to identify ancient rain forest refugia and diversification zones in a biodiversity hotspot,http://dx.doi.org/10.1111/ddi.12266,21,2014
10.1111/geb.12368,"Dalrymple, Rhiannon L. and Kemp, Darrell J. and Flores‐Moreno, Habacuc and Laffan, Shawn W. and White, Thomas E. and Hemmings, Frank A. and Tindall, Marianne L. and Moles, Angela T.",,,1466-8238,Global Ecology and Biogeography,,12,1424–1432,Wiley,"Birds, butterflies and flowers in the tropics are not more colourful than those at higher latitudes",http://dx.doi.org/10.1111/geb.12368,24,2015
10.1111/ddi.12290,"Daru, Barnabas H. and van der Bank, Michelle and Davies, T. Jonathan","Thuiller, Wilfried",,1472-4642,Diversity and Distributions,,7,769–780,Wiley,Spatial incongruence among hotspots and complementary areas of tree diversity in southern <scp>A</scp>frica,http://dx.doi.org/10.1111/ddi.12290,21,2014
10.11646/phytotaxa.208.4.2,"EBACH, MALTE C. and GONZÁLEZ-OROZCO, CARLOS E. and MILLER, JOSEPH T. and MURPHY, DANIEL J.",,,1179-3155,Phytotaxa,,4,261,Magnolia Press,A revised area taxonomy of phytogeographical regions within the Australian Bioregionalisation Atlas,http://dx.doi.org/10.11646/phytotaxa.208.4.2,208,2015
10.1002/ece3.1747,"González‐Orozco, Carlos E. and Mishler, Brent D. and Miller, Joseph T. and Laffan, Shawn W. and Knerr, Nunzio and Unmack, Peter and Georges, Arthur and Thornhill, Andrew H. and Rosauer, Dan F. and Gruber, Bernd",,,2045-7758,Ecology and Evolution,,22,5177–5192,Wiley,Assessing biodiversity and endemism using phylogenetic methods across multiple taxonomic groups,http://dx.doi.org/10.1002/ece3.1747,5,2015
10.1016/j.scitotenv.2015.04.113,"Laity, Tania and Laffan, Shawn W. and González-Orozco, Carlos E. and Faith, Daniel P. and Rosauer, Dan F. and Byrne, Margaret and Miller, Joseph T. and Crayn, Darren and Costion, Craig and Moritz, Craig C. and Newport, Karl",,,0048-9697,Science of The Total Environment,,,131–143,Elsevier BV,Phylodiversity to inform conservation policy: An Australian example,http://dx.doi.org/10.1016/j.scitotenv.2015.04.113,534,2015
10.1371/journal.pone.0126274,"Rosauer, Dan F. and Catullo, Renee A. and VanDerWal, Jeremy and Moussalli, Adnan and Moritz, Craig","Fine, Paul V. A.",,1932-6203,PLOS ONE,,5,e0126274,Public Library of Science (PLoS),Lineage Range Estimation Method Reveals Fine-Scale Endemism Linked to Pleistocene Stability in Australian Rainforest Herpetofauna,http://dx.doi.org/10.1371/journal.pone.0126274,10,2015
10.1098/rspb.2015.1998,"Rossetto, Maurizio and Kooyman, Robert and Yap, Jia-Yee S. and Laffan, Shawn W.",,,1471-2954,Proceedings of the Royal Society B: Biological Sciences,,1820,20151998,The Royal Society,From ratites to rats: the size of fleshy fruits shapes species’ distributions and continental rainforest assembly,http://dx.doi.org/10.1098/rspb.2015.1998,282,2015
10.1007/s11629-014-3070-9,"Sanginés-Franco, Celia and Luna-Vega, Isolda and Contreras-Medina, Raúl and Espinosa, David and Tejero-Díez, José Daniel and Rivas, Gerardo",,,1993-0321,Journal of Mountain Science,,4,891–904,Springer Science and Business Media LLC,"Diversity, endemism and conservation of ferns (Polypodiales) in the Mexican Mountain Component",http://dx.doi.org/10.1007/s11629-014-3070-9,12,2015
10.1111/jbi.12488,"Schmidt‐Lebuhn, Alexander N. and Knerr, Nunzio J. and Miller, Joseph T. and Mishler, Brent D.","Ebach, Malte",,1365-2699,Journal of Biogeography,,6,1114–1122,Wiley,Phylogenetic diversity and endemism of Australian daisies (Asteraceae),http://dx.doi.org/10.1111/jbi.12488,42,2015
10.1111/fog.12129,"Stephenson, Robert L. and Power, Michael J. and Laffan, Shawn W. and Suthers, Iain M.",,,1054-6006,Fisheries Oceanography,,6,553–570,Wiley,Tests of larval retention in a tidally energetic environment reveal the complexity of the spatial structure in herring populations,http://dx.doi.org/10.1111/fog.12129,24,2015
10.1007/s11104-014-2113-x,"Bui, Elisabeth N. and González-Orozco, Carlos E. and Miller, Joseph T.",,,1573-5036,Plant and Soil,,1–2,161–175,Springer Science and Business Media LLC,"Acacia, climate, and geochemistry in Australia",http://dx.doi.org/10.1007/s11104-014-2113-x,381,2014
10.1098/rspb.2014.1461,"Carnaval, Ana Carolina and Waltari, Eric and Rodrigues, Miguel T. and Rosauer, Dan and VanDerWal, Jeremy and Damasceno, Roberta and Prates, Ivan and Strangas, Maria and Spanos, Zoe and Rivera, Danielle and Pie, Marcio R. and Firkowski, Carina R. and Bornschein, Marcos R. and Ribeiro, Luiz F. and Moritz, Craig",,,1471-2954,Proceedings of the Royal Society B: Biological Sciences,,1792,20141461,The Royal Society,Prediction of phylogeographic endemism in an environmentally complex biome,http://dx.doi.org/10.1098/rspb.2014.1461,281,2014
10.1080/13658816.2013.871725,"Di Virgilio, Giovanni and Laffan, Shawn W.",,,1362-3087,International Journal of Geographical Information Science,,8,1658–1673,Informa UK Limited,Using maps of continuous variation in species compositional turnover to supplement uniform polygon species range maps,http://dx.doi.org/10.1080/13658816.2013.871725,28,2014
10.1002/ece3.1156,"Di Virgilio, Giovanni and Laffan, Shawn W. and Ebach, Malte C. and Chapple, David G.",,,2045-7758,Ecology and Evolution,,16,3264–3278,Wiley,Spatial variation in the climatic predictors of species compositional turnover and endemism,http://dx.doi.org/10.1002/ece3.1156,4,2014
10.1111/ddi.12217,"Fenker, Jéssica and Tedeschi, Leonardo G. and Pyron, Robert Alexander and Nogueira, Cristiano de C.","Green, David",,1472-4642,Diversity and Distributions,,10,1108–1119,Wiley,"Phylogenetic diversity, habitat loss and conservation in South American pitvipers (Crotalinae: Bothrops and Bothrocophias)",http://dx.doi.org/10.1111/ddi.12217,20,2014
10.1371/journal.pone.0092558,"González-Orozco, Carlos E. and Ebach, Malte C. and Laffan, Shawn and Thornhill, Andrew H. and Knerr, Nunzio J. and Schmidt-Lebuhn, Alexander N. and Cargill, Christine C. and Clements, Mark and Nagalingum, Nathalie S. and Mishler, Brent D. and Miller, Joseph T.","Joger, Ulrich",,1932-6203,PLoS ONE,,3,e92558,Public Library of Science (PLoS),Quantifying Phytogeographical Regions of Australia Using Geospatial Turnover in Species Composition,http://dx.doi.org/10.1371/journal.pone.0092558,9,2014
10.1111/ddi.12129,"González‐Orozco, Carlos E. and Thornhill, Andrew H. and Knerr, Nunzio and Laffan, Shawn and Miller, Joseph T.","Richardson, David",,1472-4642,Diversity and Distributions,,1,46–58,Wiley,Biogeographical regions and phytogeography of the eucalypts,http://dx.doi.org/10.1111/ddi.12129,20,2013
10.3732/ajb.1400340,"Kooyman, Robert M. and Wilf, Peter and Barreda, Viviana D. and Carpenter, Raymond J. and Jordan, Gregory J. and Sniderman, J. M. Kale and Allen, Andrew and Brodribb, Timothy J. and Crayn, Darren and Feild, Taylor S. and Laffan, Shawn W. and Lusk, Christopher H. and Rossetto, Maurizio and Weston, Peter H.",,,1537-2197,American Journal of Botany,,12,2121–2135,Wiley,Paleo‐Antarctic rainforest into the modern Old World tropics: The rich past and threatened future of the “southern wet forest survivors”,http://dx.doi.org/10.3732/ajb.1400340,101,2014
10.1111/jbi.12331,"Loader, Simon P. and Sara Ceccarelli, F. and Menegon, Michele and Howell, Kim M. and Kassahun, Roman and Mengistu, Abebe A. and Saber, Samy A. and Gebresenbet, Fikirte and de Sá, Rafael and Davenport, Tim R. B. and Larson, Joanna G. and Müller, Hendrik and Wilkinson, Mark and Gower, David J.","Linder, Peter",,1365-2699,Journal of Biogeography,,9,1781–1792,Wiley,Persistence and stability of Eastern Afromontane forests: evidence from brevicipitid frogs,http://dx.doi.org/10.1111/jbi.12331,41,2014
10.1007/s10531-014-0642-5,"Mendoza, Angela María and Arita, Héctor T.",,,1572-9710,Biodiversity and Conservation,,4,909–926,Springer Science and Business Media LLC,"Priority setting by sites and by species using rarity, richness and phylogenetic diversity: the case of neotropical glassfrogs (Anura: Centrolenidae)",http://dx.doi.org/10.1007/s10531-014-0642-5,23,2014
10.1038/ncomms5473,"Mishler, Brent D. and Knerr, Nunzio and González-Orozco, Carlos E. and Thornhill, Andrew H. and Laffan, Shawn W. and Miller, Joseph T.",,,2041-1723,Nature Communications,,1,,Springer Science and Business Media LLC,Phylogenetic measures of biodiversity and neo- and paleo-endemism in Australian Acacia,http://dx.doi.org/10.1038/ncomms5473,5,2014
10.7751/telopea20148280,"Nagalingum, Nathalie S and Knerr, Nunzio and Mishler, Brent D and Cargill, D Christine",,,0312-9764,Telopea,,,383–392,Royal Botanical Gardens and Domain Trust,Overlapping fern and Bryophyte hotspots: Assessing ferns as a predictor of Bryophyte diversity,http://dx.doi.org/10.7751/telopea20148280,17,2014
10.1371/journal.pone.0114657,"Perales, Hugo and Golicher, Duncan","El-Shemy, Hany A.",,1932-6203,PLoS ONE,,12,e114657,Public Library of Science (PLoS),Mapping the Diversity of Maize Races in Mexico,http://dx.doi.org/10.1371/journal.pone.0114657,9,2014
10.1111/j.1600-0587.2013.00466.x,"Rosauer, Dan F. and Ferrier, Simon and Williams, Kristen J. and Manion, Glenn and Keogh, J. Scott and Laffan, Shawn W.",,,1600-0587,Ecography,,1,21–32,Wiley,Phylogenetic generalised dissimilarity modelling: a new approach to analysing and predicting spatial turnover in the phylogenetic composition of communities,http://dx.doi.org/10.1111/j.1600-0587.2013.00466.x,37,2013
10.1111/jbi.12219,"Weber, Lui C. and VanDerWal, Jeremy and Schmidt, Susanne and McDonald, William J. F. and Shoo, Luke P.","Ladiges, Pauline",,1365-2699,Journal of Biogeography,,2,222–238,Wiley,Patterns of rain forest plant endemism in subtropical Australia relate to stable mesic refugia and species dispersal limitations,http://dx.doi.org/10.1111/jbi.12219,41,2013
10.1080/14772000.2013.865681,"Bitencourt, Cássia and Rapini, Alessandro",,,1478-0933,Systematics and Biodiversity,,4,525–536,Informa UK Limited,Centres of Endemism in the Espinhaço Range: identifying cradles and museums of Asclepiadoideae (Apocynaceae),http://dx.doi.org/10.1080/14772000.2013.865681,11,2013
10.1371/journal.pone.0059227,"Di Virgilio, Giovanni and Laffan, Shawn W. and Ebach, Malte C.","Roberts, David L.",,1932-6203,PLoS ONE,,4,e59227,Public Library of Science (PLoS),"Quantifying High Resolution Transitional Breaks in Plant and Mammal Distributions at Regional Extent and Their Association with Climate, Topography and Geology",http://dx.doi.org/10.1371/journal.pone.0059227,8,2013
10.1111/jbi.12153,"González‐Orozco, Carlos E. and Laffan, Shawn W. and Knerr, Nunzio and Miller, Joseph T.","Jetz, Walter",,1365-2699,Journal of Biogeography,,11,2156–2166,Wiley,A biogeographical regionalization of Australian Acacia species,http://dx.doi.org/10.1111/jbi.12153,40,2013
10.1371/journal.pone.0080685,"Kooyman, Robert M. and Rossetto, Maurizio and Sauquet, Hervé and Laffan, Shawn W.","Fontaneto, Diego",,1932-6203,PLoS ONE,,12,e80685,Public Library of Science (PLoS),Landscape Patterns in Rainforest Phylogenetic Signal: Isolated Islands of Refugia or Structured Continental Distributions?,http://dx.doi.org/10.1371/journal.pone.0080685,8,2013
10.1111/jbi.12001,"Laffan, Shawn W. and Ramp, Daniel and Roger, Erin","Ebach, Malte",,1365-2699,Journal of Biogeography,,3,570–578,Wiley,Using endemism to assess representation of protected areas – the family Myrtaceae in the Greater Blue Mountains World Heritage Area,http://dx.doi.org/10.1111/jbi.12001,40,2012
10.1080/13658816.2012.717627,"Amboni, Mayra P.M. and Laffan, Shawn W.",,,1362-3087,International Journal of Geographical Information Science,,11,2097–2109,Informa UK Limited,The effect of species geographical distribution estimation methods on richness and phylogenetic diversity estimates,http://dx.doi.org/10.1080/13658816.2012.717627,26,2012
10.1080/13658816.2012.692371,"Burley, Hugh Munro and Laffan, Shawn William and Williams, Kristen Jennifer",,,1362-3087,International Journal of Geographical Information Science,,11,2065–2081,Informa UK Limited,Spatial non-stationarity and anisotropy of compositional turnover in eastern Australian Myrtaceae species,http://dx.doi.org/10.1080/13658816.2012.692371,26,2012
10.1111/j.1365-2699.2012.02739.x,"Di Virgilio, Giovanni and Laffan, Shawn W. and Ebach, Malte C.",,,1365-2699,Journal of Biogeography,,10,1862–1876,Wiley,"Fine‐scale quantification of floral and faunal breaks and their geographic correlates, with an example from south‐eastern Australia",http://dx.doi.org/10.1111/j.1365-2699.2012.02739.x,39,2012
10.1007/s10592-012-0370-x,"González-Orozco, Carlos E. and Brown, Anthony H. D. and Knerr, Nunzio and Miller, Joseph T. and Doyle, Jeff J.",,,1572-9737,Conservation Genetics,,5,1269–1281,Springer Science and Business Media LLC,Hotspots of diversity of wild Australian soybean relatives and their conservation in situ,http://dx.doi.org/10.1007/s10592-012-0370-x,13,2012
10.1080/14772000.2012.705356,"Ribeiro, Patrícia Luz and Rapini, Alessandro and Silva, Uiara Catharina Soares e and Konno, Tatiana Ungareti Paleo and Damascena, Leilton Santos and van den Berg, Cássio",,,1478-0933,Systematics and Biodiversity,,3,317–331,Informa UK Limited,"Spatial analyses of the phylogenetic diversity ofMinaria(Apocynaceae): assessing priority areas for conservation in the Espinhaço Range, Brazil",http://dx.doi.org/10.1080/14772000.2012.705356,10,2012
10.1111/j.1365-2699.2012.02756.x,"Schmidt‐Lebuhn, Alexander N. and Knerr, Nunzio J. and González‐Orozco, Carlos E.",,,1365-2699,Journal of Biogeography,,11,2072–2080,Wiley,Distorted perception of the spatial distribution of plant diversity through uneven collecting efforts: the example of Asteraceae in Australia,http://dx.doi.org/10.1111/j.1365-2699.2012.02756.x,39,2012
10.1179/1743282012y.0000000004,"Stevenson, Lisa A and González-Orozco, Carlos E and Knerr, Nunzio and Cargill, D Christine and Miller, Joseph T",,,1743-2820,Journal of Bryology,,2,101–107,Informa UK Limited,Species richness and endemism of Australian bryophytes,http://dx.doi.org/10.1179/1743282012Y.0000000004,34,2012
10.1071/bt11112,"González-Orozco, Carlos E. and Laffan, Shawn W. and Miller, Joseph T.",,,0067-1924,Australian Journal of Botany,,7,601,CSIRO Publishing,Spatial distribution of species richness and endemism of the genus Acacia in Australia,http://dx.doi.org/10.1071/BT11112,59,2011
10.1111/j.1365-294x.2009.04311.x,"ROSAUER, DAN and LAFFAN, SHAWN W. and CRISP, MICHAEL D. and DONNELLAN, STEPHEN C. and COOK, LYN G.",,,1365-294X,Molecular Ecology,,19,4061–4072,Wiley,Phylogenetic endemism: a new approach for identifying geographical concentrations of evolutionary history,http://dx.doi.org/10.1111/j.1365-294X.2009.04311.x,18,2009
10.1111/j.1467-968x.2008.00209.x,"Jones, Caroline and Laffan, Shawn",,,1467-968X,Transactions of the Philological Society,,3,456–486,Wiley,Lexical similarity and endemism in historical wordlists of Australian Aboriginal languages of the greater Sydney region,http://dx.doi.org/10.1111/j.1467-968X.2008.00209.x,106,2008
10.1111/j.1466-8238.2006.00250.x,"Bickford, Sophia A. and Laffan, Shawn W.",,,1466-8238,Global Ecology and Biogeography,,6,588–601,Wiley,Multi‐extent analysis of the relationship between pteridophyte species richness and climate,http://dx.doi.org/10.1111/j.1466-8238.2006.00250.x,15,2006
10.1111/j.1365-2699.2004.01127.x,"Bickford, Sophia A. and Laffan, Shawn W. and de Kok, Rogier P. J. and Orthia, Lindy A.",,,1365-2699,Journal of Biogeography,,11,1715–1733,Wiley,Spatial analysis of taxonomic and genetic patterns and their potential for understanding evolutionary histories,http://dx.doi.org/10.1111/j.1365-2699.2004.01127.x,31,2004
10.1046/j.1365-2699.2003.00875.x,"Laffan, Shawn W. and Crisp, Michael D.",,,1365-2699,Journal of Biogeography,,4,511–520,Wiley,"Assessing endemism at multiple spatial scales, with an example from the Australian vascular flora",http://dx.doi.org/10.1046/j.1365-2699.2003.00875.x,30,2003
10.1046/j.1365-2699.2001.00524.x,"Crisp, M. D. and Laffan, S. and Linder, H. P. and Monro, A.",,,1365-2699,Journal of Biogeography,,2,183–198,Wiley,Endemism in the Australian flora,http://dx.doi.org/10.1046/j.1365-2699.2001.00524.x,28,2001
